{
"type": "FeatureCollection",
"name": "TrainPoints_250620 (2)",
"features": [
{ "type": "Feature", "id": "1_1_1_1_1_1_1_1_0", "properties": { "id": "0", "LULC_Class_id": 8, "LULC_Class_name": "Artificial wetlands" }, "geometry": { "type": "Point", "coordinates": [ -58.868725807390497, -34.685177692434493 ] } },
{ "type": "Feature", "id": "1_1_1_1_1_1_2_0", "properties": { "id": "1", "LULC_Class_id": 2, "LULC_Class_name": "Ponds" }, "geometry": { "type": "Point", "coordinates": [ -59.198255607574886, -34.734673144415801 ] } },
{ "type": "Feature", "id": "1_1_1_1_1_1_2_1", "properties": { "id": "2", "LULC_Class_id": 2, "LULC_Class_name": "Ponds" }, "geometry": { "type": "Point", "coordinates": [ -59.167909265575794, -34.800571200047912 ] } },
{ "type": "Feature", "id": "1_1_1_1_1_1_2_2", "properties": { "id": "3", "LULC_Class_id": 2, "LULC_Class_name": "Ponds" }, "geometry": { "type": "Point", "coordinates": [ -59.244357543921446, -34.770339003282949 ] } },
{ "type": "Feature", "id": "1_1_1_1_1_1_2_3", "properties": { "id": "4", "LULC_Class_id": 2, "LULC_Class_name": "Ponds" }, "geometry": { "type": "Point", "coordinates": [ -59.004627300275821, -34.776027008335674 ] } },
{ "type": "Feature", "id": "1_1_1_1_1_1_2_4", "properties": { "id": "5", "LULC_Class_id": 2, "LULC_Class_name": "Ponds" }, "geometry": { "type": "Point", "coordinates": [ -58.879807844958449, -34.732789697226472 ] } },
{ "type": "Feature", "id": "1_1_1_1_1_1_2_5", "properties": { "id": "6", "LULC_Class_id": 2, "LULC_Class_name": "Ponds" }, "geometry": { "type": "Point", "coordinates": [ -58.906797415703366, -34.780839364019499 ] } },
{ "type": "Feature", "id": "1_1_1_1_1_1_2_6", "properties": { "id": "7", "LULC_Class_id": 2, "LULC_Class_name": "Ponds" }, "geometry": { "type": "Point", "coordinates": [ -59.039177162209313, -34.878768667844646 ] } },
{ "type": "Feature", "id": "1_1_1_1_1_1_2_7", "properties": { "id": "8", "LULC_Class_id": 2, "LULC_Class_name": "Ponds" }, "geometry": { "type": "Point", "coordinates": [ -59.04844261750435, -34.798930899874364 ] } },
{ "type": "Feature", "id": "1_1_1_1_1_1_2_8", "properties": { "id": "9", "LULC_Class_id": 2, "LULC_Class_name": "Ponds" }, "geometry": { "type": "Point", "coordinates": [ -58.97358257647393, -34.808894247256148 ] } },
{ "type": "Feature", "id": "1_1_1_1_1_1_2_9", "properties": { "id": "10", "LULC_Class_id": 2, "LULC_Class_name": "Ponds" }, "geometry": { "type": "Point", "coordinates": [ -58.794855228388883, -35.108275502653505 ] } },
{ "type": "Feature", "id": "1_1_1_1_1_1_2_10", "properties": { "id": "11", "LULC_Class_id": 2, "LULC_Class_name": "Ponds" }, "geometry": { "type": "Point", "coordinates": [ -58.77751742931661, -35.108977651873673 ] } },
{ "type": "Feature", "id": "1_1_1_1_1_1_2_11", "properties": { "id": "12", "LULC_Class_id": 2, "LULC_Class_name": "Ponds" }, "geometry": { "type": "Point", "coordinates": [ -58.924933381707667, -34.88433554225611 ] } },
{ "type": "Feature", "id": "1_1_1_1_1_2_0", "properties": { "id": "13", "LULC_Class_id": 3, "LULC_Class_name": "Crops" }, "geometry": { "type": "Point", "coordinates": [ -58.965219525543858, -34.820783169135225 ] } },
{ "type": "Feature", "id": "1_1_1_1_1_2_1", "properties": { "id": "14", "LULC_Class_id": 3, "LULC_Class_name": "Crops" }, "geometry": { "type": "Point", "coordinates": [ -58.853385329425258, -34.723754453953383 ] } },
{ "type": "Feature", "id": "1_1_1_1_1_2_2", "properties": { "id": "15", "LULC_Class_id": 3, "LULC_Class_name": "Crops" }, "geometry": { "type": "Point", "coordinates": [ -58.857837918746398, -34.722167076037231 ] } },
{ "type": "Feature", "id": "1_1_1_1_1_2_3", "properties": { "id": "16", "LULC_Class_id": 3, "LULC_Class_name": "Crops" }, "geometry": { "type": "Point", "coordinates": [ -58.877075880400561, -34.983251850688241 ] } },
{ "type": "Feature", "id": "1_1_1_1_2_0", "properties": { "id": "17", "LULC_Class_id": 4, "LULC_Class_name": "Wet meadows" }, "geometry": { "type": "Point", "coordinates": [ -59.000167726039166, -34.790136531020174 ] } },
{ "type": "Feature", "id": "1_1_1_1_2_1", "properties": { "id": "18", "LULC_Class_id": 4, "LULC_Class_name": "Wet meadows" }, "geometry": { "type": "Point", "coordinates": [ -59.056399064514679, -34.765147600322479 ] } },
{ "type": "Feature", "id": "1_1_1_1_2_2", "properties": { "id": "19", "LULC_Class_id": 4, "LULC_Class_name": "Wet meadows" }, "geometry": { "type": "Point", "coordinates": [ -59.051420884583024, -34.755839810302064 ] } },
{ "type": "Feature", "id": "1_1_1_1_2_3", "properties": { "id": "20", "LULC_Class_id": 4, "LULC_Class_name": "Wet meadows" }, "geometry": { "type": "Point", "coordinates": [ -59.246393193070766, -34.766839665523314 ] } },
{ "type": "Feature", "id": "1_1_1_1_2_4", "properties": { "id": "21", "LULC_Class_id": 4, "LULC_Class_name": "Wet meadows" }, "geometry": { "type": "Point", "coordinates": [ -58.979225877919497, -34.804306624086117 ] } },
{ "type": "Feature", "id": "1_1_1_1_2_5", "properties": { "id": "22", "LULC_Class_id": 4, "LULC_Class_name": "Wet meadows" }, "geometry": { "type": "Point", "coordinates": [ -59.004747866073423, -34.779746277825353 ] } },
{ "type": "Feature", "id": "1_1_1_1_2_6", "properties": { "id": "23", "LULC_Class_id": 4, "LULC_Class_name": "Wet meadows" }, "geometry": { "type": "Point", "coordinates": [ -59.002113936820791, -34.778521381387471 ] } },
{ "type": "Feature", "id": "1_1_1_1_2_7", "properties": { "id": "24", "LULC_Class_id": 4, "LULC_Class_name": "Wet meadows" }, "geometry": { "type": "Point", "coordinates": [ -58.964280706655892, -34.813046051179697 ] } },
{ "type": "Feature", "id": "1_1_1_1_2_8", "properties": { "id": "25", "LULC_Class_id": 4, "LULC_Class_name": "Wet meadows" }, "geometry": { "type": "Point", "coordinates": [ -58.870892090791003, -34.721130422030335 ] } },
{ "type": "Feature", "id": "1_1_1_1_2_9", "properties": { "id": "26", "LULC_Class_id": 4, "LULC_Class_name": "Wet meadows" }, "geometry": { "type": "Point", "coordinates": [ -59.04178811760859, -34.803404151267941 ] } },
{ "type": "Feature", "id": "1_1_1_1_2_10", "properties": { "id": "27", "LULC_Class_id": 4, "LULC_Class_name": "Wet meadows" }, "geometry": { "type": "Point", "coordinates": [ -58.966201137264939, -34.81041819442585 ] } },
{ "type": "Feature", "id": "1_1_1_1_2_11", "properties": { "id": "28", "LULC_Class_id": 4, "LULC_Class_name": "Wet meadows" }, "geometry": { "type": "Point", "coordinates": [ -58.887008839506777, -34.93303709116315 ] } },
{ "type": "Feature", "id": "1_1_1_1_2_12", "properties": { "id": "29", "LULC_Class_id": 4, "LULC_Class_name": "Wet meadows" }, "geometry": { "type": "Point", "coordinates": [ -58.88851281964007, -34.986521794263687 ] } },
{ "type": "Feature", "id": "1_1_1_1_2_13", "properties": { "id": "30", "LULC_Class_id": 4, "LULC_Class_name": "Wet meadows" }, "geometry": { "type": "Point", "coordinates": [ -59.036509948028559, -34.815563188266331 ] } },
{ "type": "Feature", "id": "1_1_1_1_2_14", "properties": { "id": "31", "LULC_Class_id": 4, "LULC_Class_name": "Wet meadows" }, "geometry": { "type": "Point", "coordinates": [ -58.925612328998845, -34.871697319371826 ] } },
{ "type": "Feature", "id": "1_1_1_1_2_15", "properties": { "id": "32", "LULC_Class_id": 4, "LULC_Class_name": "Wet meadows" }, "geometry": { "type": "Point", "coordinates": [ -58.92583374735338, -34.884873381119874 ] } },
{ "type": "Feature", "id": "1_1_1_2_0", "properties": { "id": "33", "LULC_Class_id": 5, "LULC_Class_name": "Woody vegetation" }, "geometry": { "type": "Point", "coordinates": [ -59.000260581921594, -34.771579762220775 ] } },
{ "type": "Feature", "id": "1_1_1_2_1", "properties": { "id": "34", "LULC_Class_id": 5, "LULC_Class_name": "Woody vegetation" }, "geometry": { "type": "Point", "coordinates": [ -58.856288380819407, -34.71895347881064 ] } },
{ "type": "Feature", "id": "1_1_1_2_2", "properties": { "id": "35", "LULC_Class_id": 5, "LULC_Class_name": "Woody vegetation" }, "geometry": { "type": "Point", "coordinates": [ -58.933487582960069, -34.893830267112556 ] } },
{ "type": "Feature", "id": "1_1_2_0", "properties": { "id": "36", "LULC_Class_id": 6, "LULC_Class_name": "Rangelands" }, "geometry": { "type": "Point", "coordinates": [ -58.99177407259846, -34.780972110616887 ] } },
{ "type": "Feature", "id": "1_1_2_1", "properties": { "id": "37", "LULC_Class_id": 6, "LULC_Class_name": "Rangelands" }, "geometry": { "type": "Point", "coordinates": [ -59.167801385217132, -34.831408090760952 ] } },
{ "type": "Feature", "id": "1_1_2_2", "properties": { "id": "38", "LULC_Class_id": 6, "LULC_Class_name": "Rangelands" }, "geometry": { "type": "Point", "coordinates": [ -58.970429241212926, -34.817516658829646 ] } },
{ "type": "Feature", "id": "1_1_2_3", "properties": { "id": "39", "LULC_Class_id": 6, "LULC_Class_name": "Rangelands" }, "geometry": { "type": "Point", "coordinates": [ -58.903856804790529, -34.779890661768555 ] } },
{ "type": "Feature", "id": "1_1_2_4", "properties": { "id": "40", "LULC_Class_id": 6, "LULC_Class_name": "Rangelands" }, "geometry": { "type": "Point", "coordinates": [ -58.922973491517375, -34.785752486215905 ] } },
{ "type": "Feature", "id": "1_1_2_5", "properties": { "id": "41", "LULC_Class_id": 6, "LULC_Class_name": "Rangelands" }, "geometry": { "type": "Point", "coordinates": [ -59.006692913860896, -34.854337330175653 ] } },
{ "type": "Feature", "id": "2_00000000000000000000", "properties": { "id": "42", "LULC_Class_id": 8, "LULC_Class_name": "Artificial wetlands" }, "geometry": { "type": "Point", "coordinates": [ -58.873970496054433, -34.690455088189736 ] } },
{ "type": "Feature", "id": "2_00000000000000000001", "properties": { "id": "43", "LULC_Class_id": 8, "LULC_Class_name": "Artificial wetlands" }, "geometry": { "type": "Point", "coordinates": [ -58.87551780411998, -34.674437997205757 ] } },
{ "type": "Feature", "id": "2_00000000000000000002", "properties": { "id": "44", "LULC_Class_id": 8, "LULC_Class_name": "Artificial wetlands" }, "geometry": { "type": "Point", "coordinates": [ -58.885559699692344, -34.676694302338802 ] } },
{ "type": "Feature", "id": "2_00000000000000000003", "properties": { "id": "45", "LULC_Class_id": 8, "LULC_Class_name": "Artificial wetlands" }, "geometry": { "type": "Point", "coordinates": [ -58.84883454341616, -34.684742979740285 ] } },
{ "type": "Feature", "id": "2_00000000000000000004", "properties": { "id": "46", "LULC_Class_id": 8, "LULC_Class_name": "Artificial wetlands" }, "geometry": { "type": "Point", "coordinates": [ -58.702758852006326, -34.911996605828094 ] } },
{ "type": "Feature", "id": "2_00000000000000000005", "properties": { "id": "47", "LULC_Class_id": 8, "LULC_Class_name": "Artificial wetlands" }, "geometry": { "type": "Point", "coordinates": [ -58.80472511579547, -34.973483150254062 ] } },
{ "type": "Feature", "id": "2_00000000000000000006", "properties": { "id": "48", "LULC_Class_id": 8, "LULC_Class_name": "Artificial wetlands" }, "geometry": { "type": "Point", "coordinates": [ -58.75555906758018, -34.848655075363894 ] } },
{ "type": "Feature", "id": "2_00000000000000000007", "properties": { "id": "49", "LULC_Class_id": 8, "LULC_Class_name": "Artificial wetlands" }, "geometry": { "type": "Point", "coordinates": [ -59.219443809271212, -34.838885184955792 ] } },
{ "type": "Feature", "id": "2_00000000000000000008", "properties": { "id": "50", "LULC_Class_id": 8, "LULC_Class_name": "Artificial wetlands" }, "geometry": { "type": "Point", "coordinates": [ -58.764303364745984, -35.109539241596799 ] } },
{ "type": "Feature", "id": "2_00000000000000000009", "properties": { "id": "51", "LULC_Class_id": 8, "LULC_Class_name": "Artificial wetlands" }, "geometry": { "type": "Point", "coordinates": [ -58.761471835577041, -35.110591589445413 ] } },
{ "type": "Feature", "id": "2_0000000000000000000a", "properties": { "id": "52", "LULC_Class_id": 8, "LULC_Class_name": "Artificial wetlands" }, "geometry": { "type": "Point", "coordinates": [ -58.762626742749895, -35.107363200282713 ] } },
{ "type": "Feature", "id": "2_0000000000000000000b", "properties": { "id": "53", "LULC_Class_id": 8, "LULC_Class_name": "Artificial wetlands" }, "geometry": { "type": "Point", "coordinates": [ -58.881787300201125, -34.690530892907638 ] } },
{ "type": "Feature", "id": "2_0000000000000000000c", "properties": { "id": "54", "LULC_Class_id": 8, "LULC_Class_name": "Artificial wetlands" }, "geometry": { "type": "Point", "coordinates": [ -58.861783772875363, -34.682838943590454 ] } },
{ "type": "Feature", "id": "2_0000000000000000000d", "properties": { "id": "55", "LULC_Class_id": 8, "LULC_Class_name": "Artificial wetlands" }, "geometry": { "type": "Point", "coordinates": [ -58.870193637462165, -34.683753059306419 ] } },
{ "type": "Feature", "id": "2_0000000000000000000e", "properties": { "id": "56", "LULC_Class_id": 8, "LULC_Class_name": "Artificial wetlands" }, "geometry": { "type": "Point", "coordinates": [ -58.883673499946731, -34.670982193889344 ] } },
{ "type": "Feature", "id": "2_0000000000000000000f", "properties": { "id": "57", "LULC_Class_id": 8, "LULC_Class_name": "Artificial wetlands" }, "geometry": { "type": "Point", "coordinates": [ -58.859295594487556, -34.691235430874094 ] } },
{ "type": "Feature", "id": "2_00000000000000000010", "properties": { "id": "58", "LULC_Class_id": 8, "LULC_Class_name": "Artificial wetlands" }, "geometry": { "type": "Point", "coordinates": [ -58.604132454906221, -34.466826711258385 ] } },
{ "type": "Feature", "id": "2_00000000000000000011", "properties": { "id": "59", "LULC_Class_id": 8, "LULC_Class_name": "Artificial wetlands" }, "geometry": { "type": "Point", "coordinates": [ -58.601256334726735, -34.465038611735942 ] } },
{ "type": "Feature", "id": "2_00000000000000000012", "properties": { "id": "60", "LULC_Class_id": 8, "LULC_Class_name": "Artificial wetlands" }, "geometry": { "type": "Point", "coordinates": [ -58.602924038520733, -34.469899031884196 ] } },
{ "type": "Feature", "id": "2_00000000000000000013", "properties": { "id": "61", "LULC_Class_id": 8, "LULC_Class_name": "Artificial wetlands" }, "geometry": { "type": "Point", "coordinates": [ -58.604266227937813, -34.435563953772665 ] } },
{ "type": "Feature", "id": "2_00000000000000000014", "properties": { "id": "62", "LULC_Class_id": 8, "LULC_Class_name": "Artificial wetlands" }, "geometry": { "type": "Point", "coordinates": [ -58.624457037507817, -34.406432646590503 ] } },
{ "type": "Feature", "id": "2_00000000000000000015", "properties": { "id": "63", "LULC_Class_id": 8, "LULC_Class_name": "Artificial wetlands" }, "geometry": { "type": "Point", "coordinates": [ -58.628059991159006, -34.396020645630706 ] } },
{ "type": "Feature", "id": "2_00000000000000000016", "properties": { "id": "64", "LULC_Class_id": 8, "LULC_Class_name": "Artificial wetlands" }, "geometry": { "type": "Point", "coordinates": [ -58.616430655611616, -34.398887847608073 ] } },
{ "type": "Feature", "id": "2_00000000000000000017", "properties": { "id": "65", "LULC_Class_id": 8, "LULC_Class_name": "Artificial wetlands" }, "geometry": { "type": "Point", "coordinates": [ -58.623097011686518, -34.398870011203869 ] } },
{ "type": "Feature", "id": "2_00000000000000000018", "properties": { "id": "66", "LULC_Class_id": 8, "LULC_Class_name": "Artificial wetlands" }, "geometry": { "type": "Point", "coordinates": [ -58.61264487881725, -34.400693783534713 ] } },
{ "type": "Feature", "id": "2_00000000000000000019", "properties": { "id": "67", "LULC_Class_id": 8, "LULC_Class_name": "Artificial wetlands" }, "geometry": { "type": "Point", "coordinates": [ -58.630325214494157, -34.414962906905743 ] } },
{ "type": "Feature", "id": "2_0000000000000000001a", "properties": { "id": "68", "LULC_Class_id": 8, "LULC_Class_name": "Artificial wetlands" }, "geometry": { "type": "Point", "coordinates": [ -58.632875820296732, -34.421161057370036 ] } },
{ "type": "Feature", "id": "2_0000000000000000001b", "properties": { "id": "69", "LULC_Class_id": 8, "LULC_Class_name": "Artificial wetlands" }, "geometry": { "type": "Point", "coordinates": [ -58.629045452491823, -34.438065509463648 ] } },
{ "type": "Feature", "id": "2_0000000000000000001c", "properties": { "id": "70", "LULC_Class_id": 8, "LULC_Class_name": "Artificial wetlands" }, "geometry": { "type": "Point", "coordinates": [ -58.631016375157444, -34.445284794069181 ] } },
{ "type": "Feature", "id": "2_0000000000000000001d", "properties": { "id": "71", "LULC_Class_id": 8, "LULC_Class_name": "Artificial wetlands" }, "geometry": { "type": "Point", "coordinates": [ -58.613376171390009, -34.445565717435542 ] } },
{ "type": "Feature", "id": "2_0000000000000000001e", "properties": { "id": "72", "LULC_Class_id": 8, "LULC_Class_name": "Artificial wetlands" }, "geometry": { "type": "Point", "coordinates": [ -58.595829608744694, -34.452780542940019 ] } },
{ "type": "Feature", "id": "2_0000000000000000001f", "properties": { "id": "73", "LULC_Class_id": 8, "LULC_Class_name": "Artificial wetlands" }, "geometry": { "type": "Point", "coordinates": [ -58.601020002370909, -34.483842640878322 ] } },
{ "type": "Feature", "id": "2_00000000000000000020", "properties": { "id": "74", "LULC_Class_id": 8, "LULC_Class_name": "Artificial wetlands" }, "geometry": { "type": "Point", "coordinates": [ -58.601773590448943, -34.517687217873977 ] } },
{ "type": "Feature", "id": "2_00000000000000000021", "properties": { "id": "75", "LULC_Class_id": 8, "LULC_Class_name": "Artificial wetlands" }, "geometry": { "type": "Point", "coordinates": [ -58.615690444836737, -34.840133733250767 ] } },
{ "type": "Feature", "id": "2_00000000000000000022", "properties": { "id": "76", "LULC_Class_id": 8, "LULC_Class_name": "Artificial wetlands" }, "geometry": { "type": "Point", "coordinates": [ -58.445111993138234, -34.680484538234232 ] } },
{ "type": "Feature", "id": "2_00000000000000000023", "properties": { "id": "77", "LULC_Class_id": 8, "LULC_Class_name": "Artificial wetlands" }, "geometry": { "type": "Point", "coordinates": [ -58.403611139633803, -34.659838900356775 ] } },
{ "type": "Feature", "id": "2_00000000000000000024", "properties": { "id": "78", "LULC_Class_id": 8, "LULC_Class_name": "Artificial wetlands" }, "geometry": { "type": "Point", "coordinates": [ -58.361811526358807, -34.648432519862062 ] } },
{ "type": "Feature", "id": "2_00000000000000000025", "properties": { "id": "79", "LULC_Class_id": 8, "LULC_Class_name": "Artificial wetlands" }, "geometry": { "type": "Point", "coordinates": [ -58.989719841199786, -34.749801264110047 ] } },
{ "type": "Feature", "id": "2_00000000000000000026", "properties": { "id": "80", "LULC_Class_id": 1, "LULC_Class_name": "Infrastructure" }, "geometry": { "type": "Point", "coordinates": [ -58.840656552084141, -34.787899823510699 ] } },
{ "type": "Feature", "id": "2_00000000000000000027", "properties": { "id": "81", "LULC_Class_id": 1, "LULC_Class_name": "Infrastructure" }, "geometry": { "type": "Point", "coordinates": [ -58.627979727340033, -34.703627272701617 ] } },
{ "type": "Feature", "id": "2_00000000000000000028", "properties": { "id": "82", "LULC_Class_id": 1, "LULC_Class_name": "Infrastructure" }, "geometry": { "type": "Point", "coordinates": [ -58.592743910815713, -34.723046657789375 ] } },
{ "type": "Feature", "id": "2_00000000000000000029", "properties": { "id": "83", "LULC_Class_id": 1, "LULC_Class_name": "Infrastructure" }, "geometry": { "type": "Point", "coordinates": [ -58.708591356184236, -34.988403302378885 ] } },
{ "type": "Feature", "id": "2_0000000000000000002a", "properties": { "id": "84", "LULC_Class_id": 1, "LULC_Class_name": "Infrastructure" }, "geometry": { "type": "Point", "coordinates": [ -58.706535710598601, -34.909147240254939 ] } },
{ "type": "Feature", "id": "2_0000000000000000002b", "properties": { "id": "85", "LULC_Class_id": 1, "LULC_Class_name": "Infrastructure" }, "geometry": { "type": "Point", "coordinates": [ -59.027216421958215, -34.686308124210036 ] } },
{ "type": "Feature", "id": "2_0000000000000000002c", "properties": { "id": "86", "LULC_Class_id": 1, "LULC_Class_name": "Infrastructure" }, "geometry": { "type": "Point", "coordinates": [ -58.838092568978411, -34.910293229225672 ] } },
{ "type": "Feature", "id": "2_0000000000000000002d", "properties": { "id": "87", "LULC_Class_id": 1, "LULC_Class_name": "Infrastructure" }, "geometry": { "type": "Point", "coordinates": [ -59.161792091751209, -34.772676452514226 ] } },
{ "type": "Feature", "id": "2_0000000000000000002e", "properties": { "id": "88", "LULC_Class_id": 1, "LULC_Class_name": "Infrastructure" }, "geometry": { "type": "Point", "coordinates": [ -58.865993164269817, -35.071360418377189 ] } },
{ "type": "Feature", "id": "2_0000000000000000002f", "properties": { "id": "89", "LULC_Class_id": 1, "LULC_Class_name": "Infrastructure" }, "geometry": { "type": "Point", "coordinates": [ -58.863678890823081, -35.075324559213705 ] } },
{ "type": "Feature", "id": "2_00000000000000000030", "properties": { "id": "90", "LULC_Class_id": 1, "LULC_Class_name": "Infrastructure" }, "geometry": { "type": "Point", "coordinates": [ -58.856250028468033, -35.073375932053359 ] } },
{ "type": "Feature", "id": "2_00000000000000000031", "properties": { "id": "91", "LULC_Class_id": 1, "LULC_Class_name": "Infrastructure" }, "geometry": { "type": "Point", "coordinates": [ -58.707209034857662, -35.038969508324961 ] } },
{ "type": "Feature", "id": "2_00000000000000000032", "properties": { "id": "92", "LULC_Class_id": 1, "LULC_Class_name": "Infrastructure" }, "geometry": { "type": "Point", "coordinates": [ -59.101072512706438, -34.659767554739922 ] } },
{ "type": "Feature", "id": "2_00000000000000000033", "properties": { "id": "93", "LULC_Class_id": 1, "LULC_Class_name": "Infrastructure" }, "geometry": { "type": "Point", "coordinates": [ -59.094120774164118, -34.660155496531573 ] } },
{ "type": "Feature", "id": "2_00000000000000000034", "properties": { "id": "94", "LULC_Class_id": 1, "LULC_Class_name": "Infrastructure" }, "geometry": { "type": "Point", "coordinates": [ -59.120741607453191, -34.740767125375768 ] } },
{ "type": "Feature", "id": "2_00000000000000000035", "properties": { "id": "95", "LULC_Class_id": 1, "LULC_Class_name": "Infrastructure" }, "geometry": { "type": "Point", "coordinates": [ -59.111707468718912, -34.737320240261454 ] } },
{ "type": "Feature", "id": "2_00000000000000000036", "properties": { "id": "96", "LULC_Class_id": 1, "LULC_Class_name": "Infrastructure" }, "geometry": { "type": "Point", "coordinates": [ -59.017830014240708, -34.78139845417477 ] } },
{ "type": "Feature", "id": "2_00000000000000000037", "properties": { "id": "97", "LULC_Class_id": 1, "LULC_Class_name": "Infrastructure" }, "geometry": { "type": "Point", "coordinates": [ -59.136928144277185, -34.822087751287462 ] } },
{ "type": "Feature", "id": "2_00000000000000000038", "properties": { "id": "98", "LULC_Class_id": 1, "LULC_Class_name": "Infrastructure" }, "geometry": { "type": "Point", "coordinates": [ -59.177925119362577, -34.825757591454447 ] } },
{ "type": "Feature", "id": "2_00000000000000000039", "properties": { "id": "99", "LULC_Class_id": 1, "LULC_Class_name": "Infrastructure" }, "geometry": { "type": "Point", "coordinates": [ -59.192907698902161, -34.826582525149327 ] } },
{ "type": "Feature", "id": "2_0000000000000000003a", "properties": { "id": "100", "LULC_Class_id": 1, "LULC_Class_name": "Infrastructure" }, "geometry": { "type": "Point", "coordinates": [ -59.006994398680824, -34.730809952723426 ] } },
{ "type": "Feature", "id": "2_0000000000000000003b", "properties": { "id": "101", "LULC_Class_id": 1, "LULC_Class_name": "Infrastructure" }, "geometry": { "type": "Point", "coordinates": [ -58.59310509800104, -34.550158391745171 ] } },
{ "type": "Feature", "id": "2_0000000000000000003c", "properties": { "id": "102", "LULC_Class_id": 1, "LULC_Class_name": "Infrastructure" }, "geometry": { "type": "Point", "coordinates": [ -58.582759983557047, -34.55504556649975 ] } },
{ "type": "Feature", "id": "2_0000000000000000003d", "properties": { "id": "103", "LULC_Class_id": 1, "LULC_Class_name": "Infrastructure" }, "geometry": { "type": "Point", "coordinates": [ -58.629277325746592, -34.497960154813526 ] } },
{ "type": "Feature", "id": "2_0000000000000000003e", "properties": { "id": "104", "LULC_Class_id": 1, "LULC_Class_name": "Infrastructure" }, "geometry": { "type": "Point", "coordinates": [ -58.611556858160206, -34.480484937785086 ] } },
{ "type": "Feature", "id": "2_0000000000000000003f", "properties": { "id": "105", "LULC_Class_id": 1, "LULC_Class_name": "Infrastructure" }, "geometry": { "type": "Point", "coordinates": [ -58.605635171961225, -34.484021004920471 ] } },
{ "type": "Feature", "id": "2_00000000000000000040", "properties": { "id": "106", "LULC_Class_id": 1, "LULC_Class_name": "Infrastructure" }, "geometry": { "type": "Point", "coordinates": [ -58.5812126754915, -34.476810638517037 ] } },
{ "type": "Feature", "id": "2_00000000000000000041", "properties": { "id": "107", "LULC_Class_id": 1, "LULC_Class_name": "Infrastructure" }, "geometry": { "type": "Point", "coordinates": [ -58.584695233414251, -34.466724151934145 ] } },
{ "type": "Feature", "id": "2_00000000000000000042", "properties": { "id": "108", "LULC_Class_id": 1, "LULC_Class_name": "Infrastructure" }, "geometry": { "type": "Point", "coordinates": [ -58.571215370929671, -34.453213075742205 ] } },
{ "type": "Feature", "id": "2_00000000000000000043", "properties": { "id": "109", "LULC_Class_id": 1, "LULC_Class_name": "Infrastructure" }, "geometry": { "type": "Point", "coordinates": [ -58.603789104125099, -34.452682442716842 ] } },
{ "type": "Feature", "id": "2_00000000000000000044", "properties": { "id": "110", "LULC_Class_id": 1, "LULC_Class_name": "Infrastructure" }, "geometry": { "type": "Point", "coordinates": [ -58.608208073269061, -34.4668623840668 ] } },
{ "type": "Feature", "id": "2_00000000000000000045", "properties": { "id": "111", "LULC_Class_id": 1, "LULC_Class_name": "Infrastructure" }, "geometry": { "type": "Point", "coordinates": [ -58.569806294996795, -34.436446855781249 ] } },
{ "type": "Feature", "id": "2_00000000000000000046", "properties": { "id": "112", "LULC_Class_id": 1, "LULC_Class_name": "Infrastructure" }, "geometry": { "type": "Point", "coordinates": [ -59.120737148352127, -34.715167426227936 ] } },
{ "type": "Feature", "id": "2_00000000000000000047", "properties": { "id": "113", "LULC_Class_id": 1, "LULC_Class_name": "Infrastructure" }, "geometry": { "type": "Point", "coordinates": [ -59.064744216424003, -34.935732400735581 ] } },
{ "type": "Feature", "id": "2_00000000000000000048", "properties": { "id": "114", "LULC_Class_id": 1, "LULC_Class_name": "Infrastructure" }, "geometry": { "type": "Point", "coordinates": [ -58.657650585749678, -35.078338911525833 ] } },
{ "type": "Feature", "id": "2_00000000000000000049", "properties": { "id": "115", "LULC_Class_id": 1, "LULC_Class_name": "Infrastructure" }, "geometry": { "type": "Point", "coordinates": [ -58.657289398564338, -35.081941865177022 ] } },
{ "type": "Feature", "id": "2_0000000000000000004a", "properties": { "id": "116", "LULC_Class_id": 1, "LULC_Class_name": "Infrastructure" }, "geometry": { "type": "Point", "coordinates": [ -58.869547067809421, -34.808518706781818 ] } },
{ "type": "Feature", "id": "2_0000000000000000004b", "properties": { "id": "117", "LULC_Class_id": 1, "LULC_Class_name": "Infrastructure" }, "geometry": { "type": "Point", "coordinates": [ -58.616502001228476, -34.941498018397688 ] } },
{ "type": "Feature", "id": "2_0000000000000000004c", "properties": { "id": "118", "LULC_Class_id": 1, "LULC_Class_name": "Infrastructure" }, "geometry": { "type": "Point", "coordinates": [ -58.626075691190223, -34.943188017696947 ] } },
{ "type": "Feature", "id": "2_0000000000000000004d", "properties": { "id": "119", "LULC_Class_id": 1, "LULC_Class_name": "Infrastructure" }, "geometry": { "type": "Point", "coordinates": [ -58.660276996270156, -34.943660682408613 ] } },
{ "type": "Feature", "id": "2_0000000000000000004e", "properties": { "id": "120", "LULC_Class_id": 1, "LULC_Class_name": "Infrastructure" }, "geometry": { "type": "Point", "coordinates": [ -58.598995570492647, -34.911394627185878 ] } },
{ "type": "Feature", "id": "2_0000000000000000004f", "properties": { "id": "121", "LULC_Class_id": 1, "LULC_Class_name": "Infrastructure" }, "geometry": { "type": "Point", "coordinates": [ -58.6411920437614, -34.837079249029145 ] } },
{ "type": "Feature", "id": "2_00000000000000000050", "properties": { "id": "122", "LULC_Class_id": 1, "LULC_Class_name": "Infrastructure" }, "geometry": { "type": "Point", "coordinates": [ -58.538574751218448, -34.808670316217651 ] } },
{ "type": "Feature", "id": "2_00000000000000000051", "properties": { "id": "123", "LULC_Class_id": 1, "LULC_Class_name": "Infrastructure" }, "geometry": { "type": "Point", "coordinates": [ -58.599035702402126, -34.767410254170109 ] } },
{ "type": "Feature", "id": "2_00000000000000000052", "properties": { "id": "124", "LULC_Class_id": 1, "LULC_Class_name": "Infrastructure" }, "geometry": { "type": "Point", "coordinates": [ -58.439921599512012, -34.744579656776466 ] } },
{ "type": "Feature", "id": "2_00000000000000000053", "properties": { "id": "125", "LULC_Class_id": 1, "LULC_Class_name": "Infrastructure" }, "geometry": { "type": "Point", "coordinates": [ -58.448202150168264, -34.727162408061709 ] } },
{ "type": "Feature", "id": "2_00000000000000000054", "properties": { "id": "126", "LULC_Class_id": 1, "LULC_Class_name": "Infrastructure" }, "geometry": { "type": "Point", "coordinates": [ -58.435239543405906, -34.685844377700477 ] } },
{ "type": "Feature", "id": "2_00000000000000000055", "properties": { "id": "127", "LULC_Class_id": 1, "LULC_Class_name": "Infrastructure" }, "geometry": { "type": "Point", "coordinates": [ -58.474292350431973, -34.69512822609375 ] } },
{ "type": "Feature", "id": "2_00000000000000000056", "properties": { "id": "128", "LULC_Class_id": 1, "LULC_Class_name": "Infrastructure" }, "geometry": { "type": "Point", "coordinates": [ -58.403700321654867, -34.66954190424908 ] } },
{ "type": "Feature", "id": "2_00000000000000000057", "properties": { "id": "129", "LULC_Class_id": 1, "LULC_Class_name": "Infrastructure" }, "geometry": { "type": "Point", "coordinates": [ -58.379152970355655, -34.661742936506599 ] } },
{ "type": "Feature", "id": "2_00000000000000000058", "properties": { "id": "130", "LULC_Class_id": 1, "LULC_Class_name": "Infrastructure" }, "geometry": { "type": "Point", "coordinates": [ -58.385030065544093, -34.655424390313875 ] } },
{ "type": "Feature", "id": "2_00000000000000000059", "properties": { "id": "131", "LULC_Class_id": 1, "LULC_Class_name": "Infrastructure" }, "geometry": { "type": "Point", "coordinates": [ -58.399709426212034, -34.652847029904969 ] } },
{ "type": "Feature", "id": "2_0000000000000000005a", "properties": { "id": "132", "LULC_Class_id": 1, "LULC_Class_name": "Infrastructure" }, "geometry": { "type": "Point", "coordinates": [ -58.431079202123037, -34.638404001592868 ] } },
{ "type": "Feature", "id": "2_0000000000000000005b", "properties": { "id": "133", "LULC_Class_id": 1, "LULC_Class_name": "Infrastructure" }, "geometry": { "type": "Point", "coordinates": [ -58.523690271902055, -34.662063991782446 ] } },
{ "type": "Feature", "id": "2_0000000000000000005c", "properties": { "id": "134", "LULC_Class_id": 1, "LULC_Class_name": "Infrastructure" }, "geometry": { "type": "Point", "coordinates": [ -58.536135622942226, -34.676177046616615 ] } },
{ "type": "Feature", "id": "2_0000000000000000005d", "properties": { "id": "135", "LULC_Class_id": 1, "LULC_Class_name": "Infrastructure" }, "geometry": { "type": "Point", "coordinates": [ -58.564544555753727, -34.695021207668468 ] } },
{ "type": "Feature", "id": "2_0000000000000000005e", "properties": { "id": "136", "LULC_Class_id": 1, "LULC_Class_name": "Infrastructure" }, "geometry": { "type": "Point", "coordinates": [ -58.671170580143716, -34.650211701182393 ] } },
{ "type": "Feature", "id": "2_0000000000000000005f", "properties": { "id": "137", "LULC_Class_id": 1, "LULC_Class_name": "Infrastructure" }, "geometry": { "type": "Point", "coordinates": [ -58.623966536391947, -34.637075189478935 ] } },
{ "type": "Feature", "id": "2_00000000000000000060", "properties": { "id": "138", "LULC_Class_id": 1, "LULC_Class_name": "Infrastructure" }, "geometry": { "type": "Point", "coordinates": [ -58.723185993932162, -34.656423228949841 ] } },
{ "type": "Feature", "id": "2_00000000000000000061", "properties": { "id": "139", "LULC_Class_id": 1, "LULC_Class_name": "Infrastructure" }, "geometry": { "type": "Point", "coordinates": [ -58.687820863477285, -34.679298417354019 ] } },
{ "type": "Feature", "id": "2_00000000000000000062", "properties": { "id": "140", "LULC_Class_id": 1, "LULC_Class_name": "Infrastructure" }, "geometry": { "type": "Point", "coordinates": [ -58.70713768924081, -34.628353187818405 ] } },
{ "type": "Feature", "id": "2_00000000000000000063", "properties": { "id": "141", "LULC_Class_id": 1, "LULC_Class_name": "Infrastructure" }, "geometry": { "type": "Point", "coordinates": [ -58.708680538205307, -34.622636620267876 ] } },
{ "type": "Feature", "id": "2_00000000000000000064", "properties": { "id": "142", "LULC_Class_id": 1, "LULC_Class_name": "Infrastructure" }, "geometry": { "type": "Point", "coordinates": [ -58.732969261643426, -34.607337444553515 ] } },
{ "type": "Feature", "id": "2_00000000000000000065", "properties": { "id": "143", "LULC_Class_id": 1, "LULC_Class_name": "Infrastructure" }, "geometry": { "type": "Point", "coordinates": [ -58.727431058135046, -34.59717069415165 ] } },
{ "type": "Feature", "id": "2_00000000000000000066", "properties": { "id": "144", "LULC_Class_id": 1, "LULC_Class_name": "Infrastructure" }, "geometry": { "type": "Point", "coordinates": [ -58.720091377801069, -34.566108596213347 ] } },
{ "type": "Feature", "id": "2_00000000000000000067", "properties": { "id": "145", "LULC_Class_id": 1, "LULC_Class_name": "Infrastructure" }, "geometry": { "type": "Point", "coordinates": [ -58.666105041347002, -34.555825909184101 ] } },
{ "type": "Feature", "id": "2_00000000000000000068", "properties": { "id": "146", "LULC_Class_id": 1, "LULC_Class_name": "Infrastructure" }, "geometry": { "type": "Point", "coordinates": [ -58.616881024818007, -34.555295276158745 ] } },
{ "type": "Feature", "id": "2_00000000000000000069", "properties": { "id": "147", "LULC_Class_id": 1, "LULC_Class_name": "Infrastructure" }, "geometry": { "type": "Point", "coordinates": [ -58.79538775818957, -34.717887477870548 ] } },
{ "type": "Feature", "id": "2_0000000000000000006a", "properties": { "id": "148", "LULC_Class_id": 1, "LULC_Class_name": "Infrastructure" }, "geometry": { "type": "Point", "coordinates": [ -58.742806038567331, -34.970660539287223 ] } },
{ "type": "Feature", "id": "2_0000000000000000006b", "properties": { "id": "149", "LULC_Class_id": 1, "LULC_Class_name": "Infrastructure" }, "geometry": { "type": "Point", "coordinates": [ -59.106031033077876, -34.640927852789119 ] } },
{ "type": "Feature", "id": "2_0000000000000000006c", "properties": { "id": "150", "LULC_Class_id": 1, "LULC_Class_name": "Infrastructure" }, "geometry": { "type": "Point", "coordinates": [ -58.954840752759729, -34.609094330368563 ] } },
{ "type": "Feature", "id": "2_0000000000000000006d", "properties": { "id": "151", "LULC_Class_id": 2, "LULC_Class_name": "Ponds" }, "geometry": { "type": "Point", "coordinates": [ -59.088323942794638, -34.775811200554799 ] } },
{ "type": "Feature", "id": "2_0000000000000000006e", "properties": { "id": "152", "LULC_Class_id": 2, "LULC_Class_name": "Ponds" }, "geometry": { "type": "Point", "coordinates": [ -59.079543972820396, -34.770277456147475 ] } },
{ "type": "Feature", "id": "2_0000000000000000006f", "properties": { "id": "153", "LULC_Class_id": 2, "LULC_Class_name": "Ponds" }, "geometry": { "type": "Point", "coordinates": [ -59.099391431609284, -34.763321258504099 ] } },
{ "type": "Feature", "id": "2_00000000000000000070", "properties": { "id": "154", "LULC_Class_id": 2, "LULC_Class_name": "Ponds" }, "geometry": { "type": "Point", "coordinates": [ -59.177724459815174, -34.73916630809758 ] } },
{ "type": "Feature", "id": "2_00000000000000000071", "properties": { "id": "155", "LULC_Class_id": 2, "LULC_Class_name": "Ponds" }, "geometry": { "type": "Point", "coordinates": [ -59.195832869193204, -34.738568788556428 ] } },
{ "type": "Feature", "id": "2_00000000000000000072", "properties": { "id": "156", "LULC_Class_id": 2, "LULC_Class_name": "Ponds" }, "geometry": { "type": "Point", "coordinates": [ -59.190860971518617, -34.743010053205644 ] } },
{ "type": "Feature", "id": "2_00000000000000000073", "properties": { "id": "157", "LULC_Class_id": 2, "LULC_Class_name": "Ponds" }, "geometry": { "type": "Point", "coordinates": [ -59.157127872049301, -34.730738607106566 ] } },
{ "type": "Feature", "id": "2_00000000000000000074", "properties": { "id": "158", "LULC_Class_id": 2, "LULC_Class_name": "Ponds" }, "geometry": { "type": "Point", "coordinates": [ -58.94033975613393, -34.762313501666021 ] } },
{ "type": "Feature", "id": "2_00000000000000000075", "properties": { "id": "159", "LULC_Class_id": 2, "LULC_Class_name": "Ponds" }, "geometry": { "type": "Point", "coordinates": [ -58.980467206513886, -34.866281901828167 ] } },
{ "type": "Feature", "id": "2_00000000000000000076", "properties": { "id": "160", "LULC_Class_id": 2, "LULC_Class_name": "Ponds" }, "geometry": { "type": "Point", "coordinates": [ -58.887499408650591, -34.918707552913531 ] } },
{ "type": "Feature", "id": "2_00000000000000000077", "properties": { "id": "161", "LULC_Class_id": 2, "LULC_Class_name": "Ponds" }, "geometry": { "type": "Point", "coordinates": [ -58.81516833046264, -34.994458761609465 ] } },
{ "type": "Feature", "id": "2_00000000000000000078", "properties": { "id": "162", "LULC_Class_id": 2, "LULC_Class_name": "Ponds" }, "geometry": { "type": "Point", "coordinates": [ -58.892770066095771, -35.022769594197797 ] } },
{ "type": "Feature", "id": "2_00000000000000000079", "properties": { "id": "163", "LULC_Class_id": 2, "LULC_Class_name": "Ponds" }, "geometry": { "type": "Point", "coordinates": [ -58.954256610521725, -35.013178067831824 ] } },
{ "type": "Feature", "id": "2_0000000000000000007a", "properties": { "id": "164", "LULC_Class_id": 2, "LULC_Class_name": "Ponds" }, "geometry": { "type": "Point", "coordinates": [ -58.962666475108527, -35.003256567987911 ] } },
{ "type": "Feature", "id": "2_0000000000000000007b", "properties": { "id": "165", "LULC_Class_id": 2, "LULC_Class_name": "Ponds" }, "geometry": { "type": "Point", "coordinates": [ -58.977689186557591, -35.001183085998065 ] } },
{ "type": "Feature", "id": "2_0000000000000000007c", "properties": { "id": "166", "LULC_Class_id": 2, "LULC_Class_name": "Ponds" }, "geometry": { "type": "Point", "coordinates": [ -58.973096312472535, -34.996822085167793 ] } },
{ "type": "Feature", "id": "2_0000000000000000007d", "properties": { "id": "167", "LULC_Class_id": 2, "LULC_Class_name": "Ponds" }, "geometry": { "type": "Point", "coordinates": [ -58.994941448533361, -34.971824364662176 ] } },
{ "type": "Feature", "id": "2_0000000000000000007e", "properties": { "id": "168", "LULC_Class_id": 2, "LULC_Class_name": "Ponds" }, "geometry": { "type": "Point", "coordinates": [ -58.968454388275894, -34.96538988184205 ] } },
{ "type": "Feature", "id": "2_0000000000000000007f", "properties": { "id": "169", "LULC_Class_id": 2, "LULC_Class_name": "Ponds" }, "geometry": { "type": "Point", "coordinates": [ -58.832478560752129, -35.075070390453661 ] } },
{ "type": "Feature", "id": "2_00000000000000000080", "properties": { "id": "170", "LULC_Class_id": 2, "LULC_Class_name": "Ponds" }, "geometry": { "type": "Point", "coordinates": [ -58.838186210100531, -35.087257113632724 ] } },
{ "type": "Feature", "id": "2_00000000000000000081", "properties": { "id": "171", "LULC_Class_id": 2, "LULC_Class_name": "Ponds" }, "geometry": { "type": "Point", "coordinates": [ -58.800511265299967, -35.115278104652582 ] } },
{ "type": "Feature", "id": "2_00000000000000000082", "properties": { "id": "172", "LULC_Class_id": 2, "LULC_Class_name": "Ponds" }, "geometry": { "type": "Point", "coordinates": [ -59.019288140285184, -34.895453340919815 ] } },
{ "type": "Feature", "id": "2_00000000000000000083", "properties": { "id": "173", "LULC_Class_id": 2, "LULC_Class_name": "Ponds" }, "geometry": { "type": "Point", "coordinates": [ -58.988386569984797, -34.896791071235839 ] } },
{ "type": "Feature", "id": "2_00000000000000000084", "properties": { "id": "174", "LULC_Class_id": 2, "LULC_Class_name": "Ponds" }, "geometry": { "type": "Point", "coordinates": [ -59.044950266847756, -34.887212922173042 ] } },
{ "type": "Feature", "id": "2_00000000000000000085", "properties": { "id": "175", "LULC_Class_id": 2, "LULC_Class_name": "Ponds" }, "geometry": { "type": "Point", "coordinates": [ -59.036834702930491, -34.874080869570641 ] } },
{ "type": "Feature", "id": "2_00000000000000000086", "properties": { "id": "176", "LULC_Class_id": 2, "LULC_Class_name": "Ponds" }, "geometry": { "type": "Point", "coordinates": [ -59.105201640281919, -34.848869112214459 ] } },
{ "type": "Feature", "id": "2_00000000000000000087", "properties": { "id": "177", "LULC_Class_id": 2, "LULC_Class_name": "Ponds" }, "geometry": { "type": "Point", "coordinates": [ -59.107431190808647, -34.855490877278825 ] } },
{ "type": "Feature", "id": "2_00000000000000000088", "properties": { "id": "178", "LULC_Class_id": 2, "LULC_Class_name": "Ponds" }, "geometry": { "type": "Point", "coordinates": [ -59.074558697842647, -34.854362724712303 ] } },
{ "type": "Feature", "id": "2_00000000000000000089", "properties": { "id": "179", "LULC_Class_id": 2, "LULC_Class_name": "Ponds" }, "geometry": { "type": "Point", "coordinates": [ -59.07215970147589, -34.845912728216021 ] } },
{ "type": "Feature", "id": "2_0000000000000000008a", "properties": { "id": "180", "LULC_Class_id": 2, "LULC_Class_name": "Ponds" }, "geometry": { "type": "Point", "coordinates": [ -59.09735808152891, -34.67895952567396 ] } },
{ "type": "Feature", "id": "2_0000000000000000008b", "properties": { "id": "181", "LULC_Class_id": 2, "LULC_Class_name": "Ponds" }, "geometry": { "type": "Point", "coordinates": [ -59.087360776967088, -34.682343983373521 ] } },
{ "type": "Feature", "id": "2_0000000000000000008c", "properties": { "id": "182", "LULC_Class_id": 2, "LULC_Class_name": "Ponds" }, "geometry": { "type": "Point", "coordinates": [ -59.088172333358806, -34.676275146839778 ] } },
{ "type": "Feature", "id": "2_0000000000000000008d", "properties": { "id": "183", "LULC_Class_id": 2, "LULC_Class_name": "Ponds" }, "geometry": { "type": "Point", "coordinates": [ -59.138524502454324, -34.833543181893766 ] } },
{ "type": "Feature", "id": "2_0000000000000000008e", "properties": { "id": "184", "LULC_Class_id": 2, "LULC_Class_name": "Ponds" }, "geometry": { "type": "Point", "coordinates": [ -59.141788564425454, -34.820116828621835 ] } },
{ "type": "Feature", "id": "2_0000000000000000008f", "properties": { "id": "185", "LULC_Class_id": 2, "LULC_Class_name": "Ponds" }, "geometry": { "type": "Point", "coordinates": [ -59.153507081993908, -34.823782209687771 ] } },
{ "type": "Feature", "id": "2_00000000000000000090", "properties": { "id": "186", "LULC_Class_id": 2, "LULC_Class_name": "Ponds" }, "geometry": { "type": "Point", "coordinates": [ -59.218199720077294, -34.778495579388974 ] } },
{ "type": "Feature", "id": "2_00000000000000000091", "properties": { "id": "187", "LULC_Class_id": 2, "LULC_Class_name": "Ponds" }, "geometry": { "type": "Point", "coordinates": [ -59.236178815524788, -34.784310247162665 ] } },
{ "type": "Feature", "id": "2_00000000000000000092", "properties": { "id": "188", "LULC_Class_id": 2, "LULC_Class_name": "Ponds" }, "geometry": { "type": "Point", "coordinates": [ -59.249738941828319, -34.759740600358178 ] } },
{ "type": "Feature", "id": "2_00000000000000000093", "properties": { "id": "189", "LULC_Class_id": 2, "LULC_Class_name": "Ponds" }, "geometry": { "type": "Point", "coordinates": [ -59.265854133035475, -34.766892998447908 ] } },
{ "type": "Feature", "id": "2_00000000000000000094", "properties": { "id": "190", "LULC_Class_id": 2, "LULC_Class_name": "Ponds" }, "geometry": { "type": "Point", "coordinates": [ -59.285982515190732, -34.741128312561095 ] } },
{ "type": "Feature", "id": "2_00000000000000000095", "properties": { "id": "191", "LULC_Class_id": 2, "LULC_Class_name": "Ponds" }, "geometry": { "type": "Point", "coordinates": [ -59.112652798142236, -34.929052667357524 ] } },
{ "type": "Feature", "id": "2_00000000000000000096", "properties": { "id": "192", "LULC_Class_id": 2, "LULC_Class_name": "Ponds" }, "geometry": { "type": "Point", "coordinates": [ -58.882576561087589, -35.063686305464209 ] } },
{ "type": "Feature", "id": "2_00000000000000000097", "properties": { "id": "193", "LULC_Class_id": 2, "LULC_Class_name": "Ponds" }, "geometry": { "type": "Point", "coordinates": [ -59.031898478064328, -34.748347597166628 ] } },
{ "type": "Feature", "id": "2_00000000000000000098", "properties": { "id": "194", "LULC_Class_id": 2, "LULC_Class_name": "Ponds" }, "geometry": { "type": "Point", "coordinates": [ -59.226377711409327, -34.716442729129227 ] } },
{ "type": "Feature", "id": "2_00000000000000000099", "properties": { "id": "195", "LULC_Class_id": 2, "LULC_Class_name": "Ponds" }, "geometry": { "type": "Point", "coordinates": [ -59.278843494404164, -34.750719838927061 ] } },
{ "type": "Feature", "id": "2_0000000000000000009a", "properties": { "id": "196", "LULC_Class_id": 2, "LULC_Class_name": "Ponds" }, "geometry": { "type": "Point", "coordinates": [ -59.147910910171831, -34.763111680754584 ] } },
{ "type": "Feature", "id": "2_0000000000000000009b", "properties": { "id": "197", "LULC_Class_id": 2, "LULC_Class_name": "Ponds" }, "geometry": { "type": "Point", "coordinates": [ -58.989496886147116, -34.828990439718197 ] } },
{ "type": "Feature", "id": "2_0000000000000000009c", "properties": { "id": "198", "LULC_Class_id": 2, "LULC_Class_name": "Ponds" }, "geometry": { "type": "Point", "coordinates": [ -59.111988392085266, -34.827376245136847 ] } },
{ "type": "Feature", "id": "2_0000000000000000009d", "properties": { "id": "199", "LULC_Class_id": 2, "LULC_Class_name": "Ponds" }, "geometry": { "type": "Point", "coordinates": [ -59.221111513065196, -34.796751139101779 ] } },
{ "type": "Feature", "id": "2_0000000000000000009e", "properties": { "id": "200", "LULC_Class_id": 2, "LULC_Class_name": "Ponds" }, "geometry": { "type": "Point", "coordinates": [ -59.238582270992602, -34.81038707012322 ] } },
{ "type": "Feature", "id": "2_0000000000000000009f", "properties": { "id": "201", "LULC_Class_id": 2, "LULC_Class_name": "Ponds" }, "geometry": { "type": "Point", "coordinates": [ -59.22710454488103, -34.754643847854091 ] } },
{ "type": "Feature", "id": "2_000000000000000000a0", "properties": { "id": "202", "LULC_Class_id": 2, "LULC_Class_name": "Ponds" }, "geometry": { "type": "Point", "coordinates": [ -58.921803273054742, -34.762424979192353 ] } },
{ "type": "Feature", "id": "2_000000000000000000a1", "properties": { "id": "203", "LULC_Class_id": 2, "LULC_Class_name": "Ponds" }, "geometry": { "type": "Point", "coordinates": [ -58.950323683392597, -34.997129763140478 ] } },
{ "type": "Feature", "id": "2_000000000000000000a2", "properties": { "id": "204", "LULC_Class_id": 2, "LULC_Class_name": "Ponds" }, "geometry": { "type": "Point", "coordinates": [ -58.832982439171161, -35.011349836399916 ] } },
{ "type": "Feature", "id": "2_000000000000000000a3", "properties": { "id": "205", "LULC_Class_id": 2, "LULC_Class_name": "Ponds" }, "geometry": { "type": "Point", "coordinates": [ -58.828501042612451, -35.005512873120963 ] } },
{ "type": "Feature", "id": "2_000000000000000000a4", "properties": { "id": "206", "LULC_Class_id": 2, "LULC_Class_name": "Ponds" }, "geometry": { "type": "Point", "coordinates": [ -59.069082921749022, -34.930421611380929 ] } },
{ "type": "Feature", "id": "2_000000000000000000a5", "properties": { "id": "207", "LULC_Class_id": 2, "LULC_Class_name": "Ponds" }, "geometry": { "type": "Point", "coordinates": [ -58.641936713637328, -35.071422845791943 ] } },
{ "type": "Feature", "id": "2_000000000000000000a6", "properties": { "id": "208", "LULC_Class_id": 2, "LULC_Class_name": "Ponds" }, "geometry": { "type": "Point", "coordinates": [ -58.923604749880347, -35.054933090096306 ] } },
{ "type": "Feature", "id": "2_000000000000000000a7", "properties": { "id": "209", "LULC_Class_id": 2, "LULC_Class_name": "Ponds" }, "geometry": { "type": "Point", "coordinates": [ -58.92291358921706, -35.016018515202873 ] } },
{ "type": "Feature", "id": "2_000000000000000000a8", "properties": { "id": "210", "LULC_Class_id": 2, "LULC_Class_name": "Ponds" }, "geometry": { "type": "Point", "coordinates": [ -58.904613438493719, -34.858942221494189 ] } },
{ "type": "Feature", "id": "2_000000000000000000a9", "properties": { "id": "211", "LULC_Class_id": 2, "LULC_Class_name": "Ponds" }, "geometry": { "type": "Point", "coordinates": [ -58.607864722487953, -35.032552861909053 ] } },
{ "type": "Feature", "id": "2_000000000000000000aa", "properties": { "id": "212", "LULC_Class_id": 2, "LULC_Class_name": "Ponds" }, "geometry": { "type": "Point", "coordinates": [ -58.893795659338053, -34.943263822414863 ] } },
{ "type": "Feature", "id": "2_000000000000000000ab", "properties": { "id": "213", "LULC_Class_id": 2, "LULC_Class_name": "Ponds" }, "geometry": { "type": "Point", "coordinates": [ -58.709706131447597, -34.845377636089601 ] } },
{ "type": "Feature", "id": "2_000000000000000000ac", "properties": { "id": "214", "LULC_Class_id": 2, "LULC_Class_name": "Ponds" }, "geometry": { "type": "Point", "coordinates": [ -58.964833598220501, -34.711609063587296 ] } },
{ "type": "Feature", "id": "2_000000000000000000ad", "properties": { "id": "215", "LULC_Class_id": 3, "LULC_Class_name": "Crops" }, "geometry": { "type": "Point", "coordinates": [ -58.964066632839305, -34.911118162920559 ] } },
{ "type": "Feature", "id": "2_000000000000000000ae", "properties": { "id": "216", "LULC_Class_id": 3, "LULC_Class_name": "Crops" }, "geometry": { "type": "Point", "coordinates": [ -58.878242314863641, -34.924981508095726 ] } },
{ "type": "Feature", "id": "2_000000000000000000af", "properties": { "id": "217", "LULC_Class_id": 3, "LULC_Class_name": "Crops" }, "geometry": { "type": "Point", "coordinates": [ -58.888453656276027, -34.931313431591612 ] } },
{ "type": "Feature", "id": "2_000000000000000000b0", "properties": { "id": "218", "LULC_Class_id": 3, "LULC_Class_name": "Crops" }, "geometry": { "type": "Point", "coordinates": [ -58.875406326593648, -34.942710893884225 ] } },
{ "type": "Feature", "id": "2_000000000000000000b1", "properties": { "id": "219", "LULC_Class_id": 3, "LULC_Class_name": "Crops" }, "geometry": { "type": "Point", "coordinates": [ -58.898321646907306, -34.940739971218605 ] } },
{ "type": "Feature", "id": "2_000000000000000000b2", "properties": { "id": "220", "LULC_Class_id": 3, "LULC_Class_name": "Crops" }, "geometry": { "type": "Point", "coordinates": [ -59.129258490465276, -34.689549890675892 ] } },
{ "type": "Feature", "id": "2_000000000000000000b3", "properties": { "id": "221", "LULC_Class_id": 3, "LULC_Class_name": "Crops" }, "geometry": { "type": "Point", "coordinates": [ -59.127242976789098, -34.694896352838974 ] } },
{ "type": "Feature", "id": "2_000000000000000000b4", "properties": { "id": "222", "LULC_Class_id": 3, "LULC_Class_name": "Crops" }, "geometry": { "type": "Point", "coordinates": [ -59.087574813817646, -34.685304826473008 ] } },
{ "type": "Feature", "id": "2_000000000000000000b5", "properties": { "id": "223", "LULC_Class_id": 3, "LULC_Class_name": "Crops" }, "geometry": { "type": "Point", "coordinates": [ -59.077519540942141, -34.70692700748117 ] } },
{ "type": "Feature", "id": "2_000000000000000000b6", "properties": { "id": "224", "LULC_Class_id": 3, "LULC_Class_name": "Crops" }, "geometry": { "type": "Point", "coordinates": [ -59.058465802140766, -34.702766666198301 ] } },
{ "type": "Feature", "id": "2_000000000000000000b7", "properties": { "id": "225", "LULC_Class_id": 3, "LULC_Class_name": "Crops" }, "geometry": { "type": "Point", "coordinates": [ -59.052196306059606, -34.709606927214288 ] } },
{ "type": "Feature", "id": "2_000000000000000000b8", "properties": { "id": "226", "LULC_Class_id": 3, "LULC_Class_name": "Crops" }, "geometry": { "type": "Point", "coordinates": [ -59.049275594869613, -34.663428476704802 ] } },
{ "type": "Feature", "id": "2_000000000000000000b9", "properties": { "id": "227", "LULC_Class_id": 3, "LULC_Class_name": "Crops" }, "geometry": { "type": "Point", "coordinates": [ -58.998548861285613, -34.684537861091819 ] } },
{ "type": "Feature", "id": "2_000000000000000000ba", "properties": { "id": "228", "LULC_Class_id": 3, "LULC_Class_name": "Crops" }, "geometry": { "type": "Point", "coordinates": [ -58.98601878732542, -34.687534376999729 ] } },
{ "type": "Feature", "id": "2_000000000000000000bb", "properties": { "id": "229", "LULC_Class_id": 3, "LULC_Class_name": "Crops" }, "geometry": { "type": "Point", "coordinates": [ -58.994000578211086, -34.696180573942357 ] } },
{ "type": "Feature", "id": "2_000000000000000000bc", "properties": { "id": "230", "LULC_Class_id": 3, "LULC_Class_name": "Crops" }, "geometry": { "type": "Point", "coordinates": [ -59.002196405947323, -34.764043632874753 ] } },
{ "type": "Feature", "id": "2_000000000000000000bd", "properties": { "id": "231", "LULC_Class_id": 3, "LULC_Class_name": "Crops" }, "geometry": { "type": "Point", "coordinates": [ -58.965694204723825, -34.765671204759265 ] } },
{ "type": "Feature", "id": "2_000000000000000000be", "properties": { "id": "232", "LULC_Class_id": 3, "LULC_Class_name": "Crops" }, "geometry": { "type": "Point", "coordinates": [ -58.943224794515508, -34.761082789775266 ] } },
{ "type": "Feature", "id": "2_000000000000000000bf", "properties": { "id": "233", "LULC_Class_id": 3, "LULC_Class_name": "Crops" }, "geometry": { "type": "Point", "coordinates": [ -58.842930693621398, -34.817164903724453 ] } },
{ "type": "Feature", "id": "2_000000000000000000c0", "properties": { "id": "234", "LULC_Class_id": 3, "LULC_Class_name": "Crops" }, "geometry": { "type": "Point", "coordinates": [ -58.734694933751108, -34.834359197386554 ] } },
{ "type": "Feature", "id": "2_000000000000000000c1", "properties": { "id": "235", "LULC_Class_id": 3, "LULC_Class_name": "Crops" }, "geometry": { "type": "Point", "coordinates": [ -58.75302183908078, -34.794022169257076 ] } },
{ "type": "Feature", "id": "2_000000000000000000c2", "properties": { "id": "236", "LULC_Class_id": 3, "LULC_Class_name": "Crops" }, "geometry": { "type": "Point", "coordinates": [ -58.768691120182588, -34.787850773399114 ] } },
{ "type": "Feature", "id": "2_000000000000000000c3", "properties": { "id": "237", "LULC_Class_id": 3, "LULC_Class_name": "Crops" }, "geometry": { "type": "Point", "coordinates": [ -58.751777749886855, -34.784189851434228 ] } },
{ "type": "Feature", "id": "2_000000000000000000c4", "properties": { "id": "238", "LULC_Class_id": 3, "LULC_Class_name": "Crops" }, "geometry": { "type": "Point", "coordinates": [ -58.861922005008033, -34.996353879557176 ] } },
{ "type": "Feature", "id": "2_000000000000000000c5", "properties": { "id": "239", "LULC_Class_id": 3, "LULC_Class_name": "Crops" }, "geometry": { "type": "Point", "coordinates": [ -58.887784791118008, -35.005142767733524 ] } },
{ "type": "Feature", "id": "2_000000000000000000c6", "properties": { "id": "240", "LULC_Class_id": 3, "LULC_Class_name": "Crops" }, "geometry": { "type": "Point", "coordinates": [ -58.810967857270299, -35.008121447237222 ] } },
{ "type": "Feature", "id": "2_000000000000000000c7", "properties": { "id": "241", "LULC_Class_id": 3, "LULC_Class_name": "Crops" }, "geometry": { "type": "Point", "coordinates": [ -58.893260567211641, -34.991894778503735 ] } },
{ "type": "Feature", "id": "2_000000000000000000c8", "properties": { "id": "242", "LULC_Class_id": 3, "LULC_Class_name": "Crops" }, "geometry": { "type": "Point", "coordinates": [ -58.874799888850376, -34.978405997817063 ] } },
{ "type": "Feature", "id": "2_000000000000000000c9", "properties": { "id": "243", "LULC_Class_id": 3, "LULC_Class_name": "Crops" }, "geometry": { "type": "Point", "coordinates": [ -58.648001091070014, -35.002025856097156 ] } },
{ "type": "Feature", "id": "2_000000000000000000ca", "properties": { "id": "244", "LULC_Class_id": 3, "LULC_Class_name": "Crops" }, "geometry": { "type": "Point", "coordinates": [ -58.615302503045093, -34.984376734127615 ] } },
{ "type": "Feature", "id": "2_000000000000000000cb", "properties": { "id": "245", "LULC_Class_id": 3, "LULC_Class_name": "Crops" }, "geometry": { "type": "Point", "coordinates": [ -58.649584071943984, -34.939446831913109 ] } },
{ "type": "Feature", "id": "2_000000000000000000cc", "properties": { "id": "246", "LULC_Class_id": 3, "LULC_Class_name": "Crops" }, "geometry": { "type": "Point", "coordinates": [ -58.668686860856958, -34.945743082600572 ] } },
{ "type": "Feature", "id": "2_000000000000000000cd", "properties": { "id": "247", "LULC_Class_id": 3, "LULC_Class_name": "Crops" }, "geometry": { "type": "Point", "coordinates": [ -58.799860236546174, -35.042122092769745 ] } },
{ "type": "Feature", "id": "2_000000000000000000ce", "properties": { "id": "248", "LULC_Class_id": 3, "LULC_Class_name": "Crops" }, "geometry": { "type": "Point", "coordinates": [ -59.027292226676117, -34.950380547696149 ] } },
{ "type": "Feature", "id": "2_000000000000000000cf", "properties": { "id": "249", "LULC_Class_id": 3, "LULC_Class_name": "Crops" }, "geometry": { "type": "Point", "coordinates": [ -59.012059937477545, -34.951615718687947 ] } },
{ "type": "Feature", "id": "2_000000000000000000d0", "properties": { "id": "250", "LULC_Class_id": 3, "LULC_Class_name": "Crops" }, "geometry": { "type": "Point", "coordinates": [ -58.887173894273687, -35.063543614230511 ] } },
{ "type": "Feature", "id": "2_000000000000000000d1", "properties": { "id": "251", "LULC_Class_id": 3, "LULC_Class_name": "Crops" }, "geometry": { "type": "Point", "coordinates": [ -59.230431034266907, -34.715381463078501 ] } },
{ "type": "Feature", "id": "2_000000000000000000d2", "properties": { "id": "252", "LULC_Class_id": 3, "LULC_Class_name": "Crops" }, "geometry": { "type": "Point", "coordinates": [ -59.302053115387345, -34.743415831401514 ] } },
{ "type": "Feature", "id": "2_000000000000000000d3", "properties": { "id": "253", "LULC_Class_id": 3, "LULC_Class_name": "Crops" }, "geometry": { "type": "Point", "coordinates": [ -59.240441716131876, -34.722266315105024 ] } },
{ "type": "Feature", "id": "2_000000000000000000d4", "properties": { "id": "254", "LULC_Class_id": 3, "LULC_Class_name": "Crops" }, "geometry": { "type": "Point", "coordinates": [ -59.222418029673847, -34.73284776190485 ] } },
{ "type": "Feature", "id": "2_000000000000000000d5", "properties": { "id": "255", "LULC_Class_id": 3, "LULC_Class_name": "Crops" }, "geometry": { "type": "Point", "coordinates": [ -59.172476097875261, -34.686490947353228 ] } },
{ "type": "Feature", "id": "2_000000000000000000d6", "properties": { "id": "256", "LULC_Class_id": 3, "LULC_Class_name": "Crops" }, "geometry": { "type": "Point", "coordinates": [ -59.161408609060601, -34.66729451731814 ] } },
{ "type": "Feature", "id": "2_000000000000000000d7", "properties": { "id": "257", "LULC_Class_id": 3, "LULC_Class_name": "Crops" }, "geometry": { "type": "Point", "coordinates": [ -59.09677839839199, -34.660579111131653 ] } },
{ "type": "Feature", "id": "2_000000000000000000d8", "properties": { "id": "258", "LULC_Class_id": 3, "LULC_Class_name": "Crops" }, "geometry": { "type": "Point", "coordinates": [ -59.085050962621409, -34.741663404687522 ] } },
{ "type": "Feature", "id": "2_000000000000000000d9", "properties": { "id": "259", "LULC_Class_id": 3, "LULC_Class_name": "Crops" }, "geometry": { "type": "Point", "coordinates": [ -59.089987187487566, -34.738064910137382 ] } },
{ "type": "Feature", "id": "2_000000000000000000da", "properties": { "id": "260", "LULC_Class_id": 3, "LULC_Class_name": "Crops" }, "geometry": { "type": "Point", "coordinates": [ -58.987490290673058, -34.77892811219116 ] } },
{ "type": "Feature", "id": "2_000000000000000000db", "properties": { "id": "261", "LULC_Class_id": 3, "LULC_Class_name": "Crops" }, "geometry": { "type": "Point", "coordinates": [ -58.963518163409738, -34.785420563324976 ] } },
{ "type": "Feature", "id": "2_000000000000000000dc", "properties": { "id": "262", "LULC_Class_id": 3, "LULC_Class_name": "Crops" }, "geometry": { "type": "Point", "coordinates": [ -58.969738609379291, -34.794267419815014 ] } },
{ "type": "Feature", "id": "2_000000000000000000dd", "properties": { "id": "263", "LULC_Class_id": 3, "LULC_Class_name": "Crops" }, "geometry": { "type": "Point", "coordinates": [ -59.160200192675127, -34.841288640423599 ] } },
{ "type": "Feature", "id": "2_000000000000000000de", "properties": { "id": "264", "LULC_Class_id": 3, "LULC_Class_name": "Crops" }, "geometry": { "type": "Point", "coordinates": [ -59.203935055807314, -34.80823778341545 ] } },
{ "type": "Feature", "id": "2_000000000000000000df", "properties": { "id": "265", "LULC_Class_id": 3, "LULC_Class_name": "Crops" }, "geometry": { "type": "Point", "coordinates": [ -59.205986242291907, -34.753881341573958 ] } },
{ "type": "Feature", "id": "2_000000000000000000e0", "properties": { "id": "266", "LULC_Class_id": 3, "LULC_Class_name": "Crops" }, "geometry": { "type": "Point", "coordinates": [ -59.009687695717119, -34.706530147487413 ] } },
{ "type": "Feature", "id": "2_000000000000000000e1", "properties": { "id": "267", "LULC_Class_id": 3, "LULC_Class_name": "Crops" }, "geometry": { "type": "Point", "coordinates": [ -59.064490047663966, -34.732633725054278 ] } },
{ "type": "Feature", "id": "2_000000000000000000e2", "properties": { "id": "268", "LULC_Class_id": 3, "LULC_Class_name": "Crops" }, "geometry": { "type": "Point", "coordinates": [ -58.724510346945038, -34.801147812740481 ] } },
{ "type": "Feature", "id": "2_000000000000000000e3", "properties": { "id": "269", "LULC_Class_id": 3, "LULC_Class_name": "Crops" }, "geometry": { "type": "Point", "coordinates": [ -58.825250357944483, -34.987975228677755 ] } },
{ "type": "Feature", "id": "2_000000000000000000e4", "properties": { "id": "270", "LULC_Class_id": 3, "LULC_Class_name": "Crops" }, "geometry": { "type": "Point", "coordinates": [ -58.816474847071305, -34.989995201454974 ] } },
{ "type": "Feature", "id": "2_000000000000000000e5", "properties": { "id": "271", "LULC_Class_id": 3, "LULC_Class_name": "Crops" }, "geometry": { "type": "Point", "coordinates": [ -58.865533876861313, -34.973590168679344 ] } },
{ "type": "Feature", "id": "2_000000000000000000e6", "properties": { "id": "272", "LULC_Class_id": 3, "LULC_Class_name": "Crops" }, "geometry": { "type": "Point", "coordinates": [ -58.953815159517447, -34.97837478410969 ] } },
{ "type": "Feature", "id": "2_000000000000000000e7", "properties": { "id": "273", "LULC_Class_id": 3, "LULC_Class_name": "Crops" }, "geometry": { "type": "Point", "coordinates": [ -58.935488254187774, -34.983226286055825 ] } },
{ "type": "Feature", "id": "2_000000000000000000e8", "properties": { "id": "274", "LULC_Class_id": 3, "LULC_Class_name": "Crops" }, "geometry": { "type": "Point", "coordinates": [ -59.054457070293715, -34.905553204805862 ] } },
{ "type": "Feature", "id": "2_000000000000000000e9", "properties": { "id": "275", "LULC_Class_id": 3, "LULC_Class_name": "Crops" }, "geometry": { "type": "Point", "coordinates": [ -59.083258403997917, -34.871392031635409 ] } },
{ "type": "Feature", "id": "2_000000000000000000ea", "properties": { "id": "276", "LULC_Class_id": 3, "LULC_Class_name": "Crops" }, "geometry": { "type": "Point", "coordinates": [ -59.111319526927254, -34.818141446855158 ] } },
{ "type": "Feature", "id": "2_000000000000000000eb", "properties": { "id": "277", "LULC_Class_id": 3, "LULC_Class_name": "Crops" }, "geometry": { "type": "Point", "coordinates": [ -59.12476371660339, -34.796947339548133 ] } },
{ "type": "Feature", "id": "2_000000000000000000ec", "properties": { "id": "278", "LULC_Class_id": 3, "LULC_Class_name": "Crops" }, "geometry": { "type": "Point", "coordinates": [ -59.120879839585839, -34.806003773787673 ] } },
{ "type": "Feature", "id": "2_000000000000000000ed", "properties": { "id": "279", "LULC_Class_id": 3, "LULC_Class_name": "Crops" }, "geometry": { "type": "Point", "coordinates": [ -59.176524961631792, -34.792140428612512 ] } },
{ "type": "Feature", "id": "2_000000000000000000ee", "properties": { "id": "280", "LULC_Class_id": 3, "LULC_Class_name": "Crops" }, "geometry": { "type": "Point", "coordinates": [ -59.169947787577961, -34.709419644970048 ] } },
{ "type": "Feature", "id": "2_000000000000000000ef", "properties": { "id": "281", "LULC_Class_id": 3, "LULC_Class_name": "Crops" }, "geometry": { "type": "Point", "coordinates": [ -58.696962020636846, -35.100157292980349 ] } },
{ "type": "Feature", "id": "2_000000000000000000f0", "properties": { "id": "282", "LULC_Class_id": 3, "LULC_Class_name": "Crops" }, "geometry": { "type": "Point", "coordinates": [ -58.662002668377831, -35.058232824875844 ] } },
{ "type": "Feature", "id": "2_000000000000000000f1", "properties": { "id": "283", "LULC_Class_id": 3, "LULC_Class_name": "Crops" }, "geometry": { "type": "Point", "coordinates": [ -58.900595788444569, -35.049885387703796 ] } },
{ "type": "Feature", "id": "2_000000000000000000f2", "properties": { "id": "284", "LULC_Class_id": 3, "LULC_Class_name": "Crops" }, "geometry": { "type": "Point", "coordinates": [ -58.860343483235106, -34.828125374113831 ] } },
{ "type": "Feature", "id": "2_000000000000000000f3", "properties": { "id": "285", "LULC_Class_id": 3, "LULC_Class_name": "Crops" }, "geometry": { "type": "Point", "coordinates": [ -58.874403028856619, -34.857938923757168 ] } },
{ "type": "Feature", "id": "2_000000000000000000f4", "properties": { "id": "286", "LULC_Class_id": 3, "LULC_Class_name": "Crops" }, "geometry": { "type": "Point", "coordinates": [ -58.915194885293545, -34.868284038201161 ] } },
{ "type": "Feature", "id": "2_000000000000000000f5", "properties": { "id": "287", "LULC_Class_id": 3, "LULC_Class_name": "Crops" }, "geometry": { "type": "Point", "coordinates": [ -58.669208575680209, -35.022907826330453 ] } },
{ "type": "Feature", "id": "2_000000000000000000f6", "properties": { "id": "288", "LULC_Class_id": 3, "LULC_Class_name": "Crops" }, "geometry": { "type": "Point", "coordinates": [ -58.568138591202803, -35.002159629128769 ] } },
{ "type": "Feature", "id": "2_000000000000000000f7", "properties": { "id": "289", "LULC_Class_id": 3, "LULC_Class_name": "Crops" }, "geometry": { "type": "Point", "coordinates": [ -58.87900928024483, -34.729240349152612 ] } },
{ "type": "Feature", "id": "2_000000000000000000f8", "properties": { "id": "290", "LULC_Class_id": 3, "LULC_Class_name": "Crops" }, "geometry": { "type": "Point", "coordinates": [ -58.857743827320945, -34.714146292086696 ] } },
{ "type": "Feature", "id": "2_000000000000000000f9", "properties": { "id": "291", "LULC_Class_id": 3, "LULC_Class_name": "Crops" }, "geometry": { "type": "Point", "coordinates": [ -58.812421524213725, -34.720745761645787 ] } },
{ "type": "Feature", "id": "2_000000000000000000fa", "properties": { "id": "292", "LULC_Class_id": 3, "LULC_Class_name": "Crops" }, "geometry": { "type": "Point", "coordinates": [ -59.076819462076742, -34.605834727498497 ] } },
{ "type": "Feature", "id": "2_000000000000000000fb", "properties": { "id": "293", "LULC_Class_id": 3, "LULC_Class_name": "Crops" }, "geometry": { "type": "Point", "coordinates": [ -59.082959644227337, -34.612866729859782 ] } },
{ "type": "Feature", "id": "2_000000000000000000fc", "properties": { "id": "294", "LULC_Class_id": 3, "LULC_Class_name": "Crops" }, "geometry": { "type": "Point", "coordinates": [ -59.009723368525549, -34.632968357408714 ] } },
{ "type": "Feature", "id": "2_000000000000000000fd", "properties": { "id": "295", "LULC_Class_id": 3, "LULC_Class_name": "Crops" }, "geometry": { "type": "Point", "coordinates": [ -58.759661440549358, -34.863704541419281 ] } },
{ "type": "Feature", "id": "2_000000000000000000fe", "properties": { "id": "296", "LULC_Class_id": 3, "LULC_Class_name": "Crops" }, "geometry": { "type": "Point", "coordinates": [ -58.76395555486382, -34.866995357996707 ] } },
{ "type": "Feature", "id": "2_000000000000000000ff", "properties": { "id": "297", "LULC_Class_id": 4, "LULC_Class_name": "Wet meadows" }, "geometry": { "type": "Point", "coordinates": [ -58.877738436444595, -34.724161433052736 ] } },
{ "type": "Feature", "id": "2_00000000000000000100", "properties": { "id": "298", "LULC_Class_id": 4, "LULC_Class_name": "Wet meadows" }, "geometry": { "type": "Point", "coordinates": [ -58.872325087765709, -34.73455559760832 ] } },
{ "type": "Feature", "id": "2_00000000000000000101", "properties": { "id": "299", "LULC_Class_id": 4, "LULC_Class_name": "Wet meadows" }, "geometry": { "type": "Point", "coordinates": [ -58.917830214016135, -34.745319867551345 ] } },
{ "type": "Feature", "id": "2_00000000000000000102", "properties": { "id": "300", "LULC_Class_id": 4, "LULC_Class_name": "Wet meadows" }, "geometry": { "type": "Point", "coordinates": [ -58.891913918693511, -34.698410124469078 ] } },
{ "type": "Feature", "id": "2_00000000000000000103", "properties": { "id": "301", "LULC_Class_id": 4, "LULC_Class_name": "Wet meadows" }, "geometry": { "type": "Point", "coordinates": [ -58.86998405971265, -34.698869411877588 ] } },
{ "type": "Feature", "id": "2_00000000000000000104", "properties": { "id": "302", "LULC_Class_id": 4, "LULC_Class_name": "Wet meadows" }, "geometry": { "type": "Point", "coordinates": [ -58.891267349040746, -34.677430054012618 ] } },
{ "type": "Feature", "id": "2_00000000000000000105", "properties": { "id": "303", "LULC_Class_id": 4, "LULC_Class_name": "Wet meadows" }, "geometry": { "type": "Point", "coordinates": [ -58.900185551147644, -34.665666945433635 ] } },
{ "type": "Feature", "id": "2_00000000000000000106", "properties": { "id": "304", "LULC_Class_id": 4, "LULC_Class_name": "Wet meadows" }, "geometry": { "type": "Point", "coordinates": [ -58.896154523795332, -34.67036237884291 ] } },
{ "type": "Feature", "id": "2_00000000000000000107", "properties": { "id": "305", "LULC_Class_id": 4, "LULC_Class_name": "Wet meadows" }, "geometry": { "type": "Point", "coordinates": [ -58.924871134579519, -34.667245467206556 ] } },
{ "type": "Feature", "id": "2_00000000000000000108", "properties": { "id": "306", "LULC_Class_id": 4, "LULC_Class_name": "Wet meadows" }, "geometry": { "type": "Point", "coordinates": [ -59.008100255742093, -34.675762350218626 ] } },
{ "type": "Feature", "id": "2_00000000000000000109", "properties": { "id": "307", "LULC_Class_id": 4, "LULC_Class_name": "Wet meadows" }, "geometry": { "type": "Point", "coordinates": [ -59.054889603095901, -34.698570652107009 ] } },
{ "type": "Feature", "id": "2_0000000000000000010a", "properties": { "id": "308", "LULC_Class_id": 4, "LULC_Class_name": "Wet meadows" }, "geometry": { "type": "Point", "coordinates": [ -59.152289747406321, -34.791792618730341 ] } },
{ "type": "Feature", "id": "2_0000000000000000010b", "properties": { "id": "309", "LULC_Class_id": 4, "LULC_Class_name": "Wet meadows" }, "geometry": { "type": "Point", "coordinates": [ -59.186531184395733, -34.80418891965892 ] } },
{ "type": "Feature", "id": "2_0000000000000000010c", "properties": { "id": "310", "LULC_Class_id": 4, "LULC_Class_name": "Wet meadows" }, "geometry": { "type": "Point", "coordinates": [ -59.180480184266194, -34.800661770725654 ] } },
{ "type": "Feature", "id": "2_0000000000000000010d", "properties": { "id": "311", "LULC_Class_id": 4, "LULC_Class_name": "Wet meadows" }, "geometry": { "type": "Point", "coordinates": [ -59.194771603142492, -34.814654429831364 ] } },
{ "type": "Feature", "id": "2_0000000000000000010e", "properties": { "id": "312", "LULC_Class_id": 4, "LULC_Class_name": "Wet meadows" }, "geometry": { "type": "Point", "coordinates": [ -59.204412179620043, -34.825458831683868 ] } },
{ "type": "Feature", "id": "2_0000000000000000010f", "properties": { "id": "313", "LULC_Class_id": 4, "LULC_Class_name": "Wet meadows" }, "geometry": { "type": "Point", "coordinates": [ -59.222413570572797, -34.833489672681132 ] } },
{ "type": "Feature", "id": "2_00000000000000000110", "properties": { "id": "314", "LULC_Class_id": 4, "LULC_Class_name": "Wet meadows" }, "geometry": { "type": "Point", "coordinates": [ -59.143505318331023, -34.822975112397096 ] } },
{ "type": "Feature", "id": "2_00000000000000000111", "properties": { "id": "315", "LULC_Class_id": 4, "LULC_Class_name": "Wet meadows" }, "geometry": { "type": "Point", "coordinates": [ -59.054827175681147, -34.820000891994447 ] } },
{ "type": "Feature", "id": "2_00000000000000000112", "properties": { "id": "316", "LULC_Class_id": 4, "LULC_Class_name": "Wet meadows" }, "geometry": { "type": "Point", "coordinates": [ -59.045467522569965, -34.809535381822009 ] } },
{ "type": "Feature", "id": "2_00000000000000000113", "properties": { "id": "317", "LULC_Class_id": 4, "LULC_Class_name": "Wet meadows" }, "geometry": { "type": "Point", "coordinates": [ -59.065680627645236, -34.810382611022163 ] } },
{ "type": "Feature", "id": "2_00000000000000000114", "properties": { "id": "318", "LULC_Class_id": 4, "LULC_Class_name": "Wet meadows" }, "geometry": { "type": "Point", "coordinates": [ -59.077220781171562, -34.818841525720551 ] } },
{ "type": "Feature", "id": "2_00000000000000000115", "properties": { "id": "319", "LULC_Class_id": 4, "LULC_Class_name": "Wet meadows" }, "geometry": { "type": "Point", "coordinates": [ -59.042716257219986, -34.792162724117787 ] } },
{ "type": "Feature", "id": "2_00000000000000000116", "properties": { "id": "320", "LULC_Class_id": 4, "LULC_Class_name": "Wet meadows" }, "geometry": { "type": "Point", "coordinates": [ -59.03688375304209, -34.81295105322895 ] } },
{ "type": "Feature", "id": "2_00000000000000000117", "properties": { "id": "321", "LULC_Class_id": 4, "LULC_Class_name": "Wet meadows" }, "geometry": { "type": "Point", "coordinates": [ -59.041454331621857, -34.890610757175757 ] } },
{ "type": "Feature", "id": "2_00000000000000000118", "properties": { "id": "322", "LULC_Class_id": 4, "LULC_Class_name": "Wet meadows" }, "geometry": { "type": "Point", "coordinates": [ -58.954203101309091, -34.870897071418483 ] } },
{ "type": "Feature", "id": "2_00000000000000000119", "properties": { "id": "323", "LULC_Class_id": 4, "LULC_Class_name": "Wet meadows" }, "geometry": { "type": "Point", "coordinates": [ -58.907984518890125, -34.872056437692379 ] } },
{ "type": "Feature", "id": "2_0000000000000000011a", "properties": { "id": "324", "LULC_Class_id": 4, "LULC_Class_name": "Wet meadows" }, "geometry": { "type": "Point", "coordinates": [ -58.828755211372496, -34.9184221704461 ] } },
{ "type": "Feature", "id": "2_0000000000000000011b", "properties": { "id": "325", "LULC_Class_id": 4, "LULC_Class_name": "Wet meadows" }, "geometry": { "type": "Point", "coordinates": [ -58.835849641148528, -34.952467406989165 ] } },
{ "type": "Feature", "id": "2_0000000000000000011c", "properties": { "id": "326", "LULC_Class_id": 4, "LULC_Class_name": "Wet meadows" }, "geometry": { "type": "Point", "coordinates": [ -58.827867850262869, -34.955053685600156 ] } },
{ "type": "Feature", "id": "2_0000000000000000011d", "properties": { "id": "327", "LULC_Class_id": 4, "LULC_Class_name": "Wet meadows" }, "geometry": { "type": "Point", "coordinates": [ -58.765930936630504, -34.994913589916919 ] } },
{ "type": "Feature", "id": "2_0000000000000000011e", "properties": { "id": "328", "LULC_Class_id": 4, "LULC_Class_name": "Wet meadows" }, "geometry": { "type": "Point", "coordinates": [ -58.846319610422022, -35.043268081740486 ] } },
{ "type": "Feature", "id": "2_0000000000000000011f", "properties": { "id": "329", "LULC_Class_id": 4, "LULC_Class_name": "Wet meadows" }, "geometry": { "type": "Point", "coordinates": [ -58.96814225120216, -35.001058231168564 ] } },
{ "type": "Feature", "id": "2_00000000000000000120", "properties": { "id": "330", "LULC_Class_id": 4, "LULC_Class_name": "Wet meadows" }, "geometry": { "type": "Point", "coordinates": [ -58.914485888226046, -34.994463220710522 ] } },
{ "type": "Feature", "id": "2_00000000000000000121", "properties": { "id": "331", "LULC_Class_id": 4, "LULC_Class_name": "Wet meadows" }, "geometry": { "type": "Point", "coordinates": [ -58.815257512483711, -35.089375186633113 ] } },
{ "type": "Feature", "id": "2_00000000000000000122", "properties": { "id": "332", "LULC_Class_id": 4, "LULC_Class_name": "Wet meadows" }, "geometry": { "type": "Point", "coordinates": [ -58.79688601614351, -35.100612121287796 ] } },
{ "type": "Feature", "id": "2_00000000000000000123", "properties": { "id": "333", "LULC_Class_id": 4, "LULC_Class_name": "Wet meadows" }, "geometry": { "type": "Point", "coordinates": [ -58.921598154406297, -34.907867478252598 ] } },
{ "type": "Feature", "id": "2_00000000000000000124", "properties": { "id": "334", "LULC_Class_id": 4, "LULC_Class_name": "Wet meadows" }, "geometry": { "type": "Point", "coordinates": [ -59.098615548025975, -34.93644139780308 ] } },
{ "type": "Feature", "id": "2_00000000000000000125", "properties": { "id": "335", "LULC_Class_id": 4, "LULC_Class_name": "Wet meadows" }, "geometry": { "type": "Point", "coordinates": [ -59.040981666910199, -34.966946108109703 ] } },
{ "type": "Feature", "id": "2_00000000000000000126", "properties": { "id": "336", "LULC_Class_id": 4, "LULC_Class_name": "Wet meadows" }, "geometry": { "type": "Point", "coordinates": [ -59.030649929769361, -34.966674102945447 ] } },
{ "type": "Feature", "id": "2_00000000000000000127", "properties": { "id": "337", "LULC_Class_id": 4, "LULC_Class_name": "Wet meadows" }, "geometry": { "type": "Point", "coordinates": [ -58.872235905744645, -35.038073229013222 ] } },
{ "type": "Feature", "id": "2_00000000000000000128", "properties": { "id": "338", "LULC_Class_id": 4, "LULC_Class_name": "Wet meadows" }, "geometry": { "type": "Point", "coordinates": [ -58.696627588057837, -35.094110751951874 ] } },
{ "type": "Feature", "id": "2_00000000000000000129", "properties": { "id": "339", "LULC_Class_id": 4, "LULC_Class_name": "Wet meadows" }, "geometry": { "type": "Point", "coordinates": [ -59.033383358715128, -34.766233051492001 ] } },
{ "type": "Feature", "id": "2_0000000000000000012a", "properties": { "id": "340", "LULC_Class_id": 4, "LULC_Class_name": "Wet meadows" }, "geometry": { "type": "Point", "coordinates": [ -59.191998042287253, -34.780154364980866 ] } },
{ "type": "Feature", "id": "2_0000000000000000012b", "properties": { "id": "341", "LULC_Class_id": 4, "LULC_Class_name": "Wet meadows" }, "geometry": { "type": "Point", "coordinates": [ -59.228923858110839, -34.814377965566052 ] } },
{ "type": "Feature", "id": "2_0000000000000000012c", "properties": { "id": "342", "LULC_Class_id": 4, "LULC_Class_name": "Wet meadows" }, "geometry": { "type": "Point", "coordinates": [ -59.245770341890754, -34.772926162173221 ] } },
{ "type": "Feature", "id": "2_0000000000000000012d", "properties": { "id": "343", "LULC_Class_id": 4, "LULC_Class_name": "Wet meadows" }, "geometry": { "type": "Point", "coordinates": [ -59.268649989395989, -34.771913946234086 ] } },
{ "type": "Feature", "id": "2_0000000000000000012e", "properties": { "id": "344", "LULC_Class_id": 4, "LULC_Class_name": "Wet meadows" }, "geometry": { "type": "Point", "coordinates": [ -59.233298236244266, -34.740040291904059 ] } },
{ "type": "Feature", "id": "2_0000000000000000012f", "properties": { "id": "345", "LULC_Class_id": 4, "LULC_Class_name": "Wet meadows" }, "geometry": { "type": "Point", "coordinates": [ -59.225450218390193, -34.738626756870111 ] } },
{ "type": "Feature", "id": "2_00000000000000000130", "properties": { "id": "346", "LULC_Class_id": 4, "LULC_Class_name": "Wet meadows" }, "geometry": { "type": "Point", "coordinates": [ -59.29327314541311, -34.755174480879454 ] } },
{ "type": "Feature", "id": "2_00000000000000000131", "properties": { "id": "347", "LULC_Class_id": 4, "LULC_Class_name": "Wet meadows" }, "geometry": { "type": "Point", "coordinates": [ -59.20197751044487, -34.716986739457752 ] } },
{ "type": "Feature", "id": "2_00000000000000000132", "properties": { "id": "348", "LULC_Class_id": 4, "LULC_Class_name": "Wet meadows" }, "geometry": { "type": "Point", "coordinates": [ -59.195436009199447, -34.673818182159337 ] } },
{ "type": "Feature", "id": "2_00000000000000000133", "properties": { "id": "349", "LULC_Class_id": 4, "LULC_Class_name": "Wet meadows" }, "geometry": { "type": "Point", "coordinates": [ -59.126904085109047, -34.758581234084282 ] } },
{ "type": "Feature", "id": "2_00000000000000000134", "properties": { "id": "350", "LULC_Class_id": 4, "LULC_Class_name": "Wet meadows" }, "geometry": { "type": "Point", "coordinates": [ -59.07644043848719, -34.756735166248156 ] } },
{ "type": "Feature", "id": "2_00000000000000000135", "properties": { "id": "351", "LULC_Class_id": 4, "LULC_Class_name": "Wet meadows" }, "geometry": { "type": "Point", "coordinates": [ -58.998994771390954, -34.784849798390127 ] } },
{ "type": "Feature", "id": "2_00000000000000000136", "properties": { "id": "352", "LULC_Class_id": 4, "LULC_Class_name": "Wet meadows" }, "geometry": { "type": "Point", "coordinates": [ -58.991927096221239, -34.817713373154021 ] } },
{ "type": "Feature", "id": "2_00000000000000000137", "properties": { "id": "353", "LULC_Class_id": 4, "LULC_Class_name": "Wet meadows" }, "geometry": { "type": "Point", "coordinates": [ -58.972913489329343, -34.805120871779103 ] } },
{ "type": "Feature", "id": "2_00000000000000000138", "properties": { "id": "354", "LULC_Class_id": 4, "LULC_Class_name": "Wet meadows" }, "geometry": { "type": "Point", "coordinates": [ -58.973256840110459, -34.811461713477101 ] } },
{ "type": "Feature", "id": "2_00000000000000000139", "properties": { "id": "355", "LULC_Class_id": 4, "LULC_Class_name": "Wet meadows" }, "geometry": { "type": "Point", "coordinates": [ -58.810383715032295, -35.111487868757159 ] } },
{ "type": "Feature", "id": "2_0000000000000000013a", "properties": { "id": "356", "LULC_Class_id": 4, "LULC_Class_name": "Wet meadows" }, "geometry": { "type": "Point", "coordinates": [ -58.898152201067269, -34.823684109464594 ] } },
{ "type": "Feature", "id": "2_0000000000000000013b", "properties": { "id": "357", "LULC_Class_id": 4, "LULC_Class_name": "Wet meadows" }, "geometry": { "type": "Point", "coordinates": [ -58.945191258080065, -34.849230299399792 ] } },
{ "type": "Feature", "id": "2_0000000000000000013c", "properties": { "id": "358", "LULC_Class_id": 4, "LULC_Class_name": "Wet meadows" }, "geometry": { "type": "Point", "coordinates": [ -58.685029466217827, -35.032588534717483 ] } },
{ "type": "Feature", "id": "2_0000000000000000013d", "properties": { "id": "359", "LULC_Class_id": 4, "LULC_Class_name": "Wet meadows" }, "geometry": { "type": "Point", "coordinates": [ -58.6336829175874, -35.005561923232548 ] } },
{ "type": "Feature", "id": "2_0000000000000000013e", "properties": { "id": "360", "LULC_Class_id": 4, "LULC_Class_name": "Wet meadows" }, "geometry": { "type": "Point", "coordinates": [ -58.542989261261368, -34.995270318001189 ] } },
{ "type": "Feature", "id": "2_0000000000000000013f", "properties": { "id": "361", "LULC_Class_id": 4, "LULC_Class_name": "Wet meadows" }, "geometry": { "type": "Point", "coordinates": [ -58.876467592644367, -34.705745345702013 ] } },
{ "type": "Feature", "id": "2_00000000000000000140", "properties": { "id": "362", "LULC_Class_id": 4, "LULC_Class_name": "Wet meadows" }, "geometry": { "type": "Point", "coordinates": [ -58.966331856174463, -34.754563584035132 ] } },
{ "type": "Feature", "id": "2_00000000000000000141", "properties": { "id": "363", "LULC_Class_id": 4, "LULC_Class_name": "Wet meadows" }, "geometry": { "type": "Point", "coordinates": [ -59.049538681831763, -34.646020146192143 ] } },
{ "type": "Feature", "id": "2_00000000000000000142", "properties": { "id": "364", "LULC_Class_id": 4, "LULC_Class_name": "Wet meadows" }, "geometry": { "type": "Point", "coordinates": [ -59.017076426162667, -34.619185276052512 ] } },
{ "type": "Feature", "id": "2_00000000000000000143", "properties": { "id": "365", "LULC_Class_id": 4, "LULC_Class_name": "Wet meadows" }, "geometry": { "type": "Point", "coordinates": [ -59.091311540500442, -34.647259776285011 ] } },
{ "type": "Feature", "id": "2_00000000000000000144", "properties": { "id": "366", "LULC_Class_id": 4, "LULC_Class_name": "Wet meadows" }, "geometry": { "type": "Point", "coordinates": [ -58.77502750277953, -34.857171958375972 ] } },
{ "type": "Feature", "id": "2_00000000000000000145", "properties": { "id": "367", "LULC_Class_id": 5, "LULC_Class_name": "Woody vegetation" }, "geometry": { "type": "Point", "coordinates": [ -59.023163099100636, -34.680132269251011 ] } },
{ "type": "Feature", "id": "2_00000000000000000146", "properties": { "id": "368", "LULC_Class_id": 5, "LULC_Class_name": "Woody vegetation" }, "geometry": { "type": "Point", "coordinates": [ -58.756499937902454, -35.006734666809599 ] } },
{ "type": "Feature", "id": "2_00000000000000000147", "properties": { "id": "369", "LULC_Class_id": 5, "LULC_Class_name": "Woody vegetation" }, "geometry": { "type": "Point", "coordinates": [ -58.765382467200922, -34.989526995844351 ] } },
{ "type": "Feature", "id": "2_00000000000000000148", "properties": { "id": "370", "LULC_Class_id": 5, "LULC_Class_name": "Woody vegetation" }, "geometry": { "type": "Point", "coordinates": [ -58.746012132224756, -35.060921662811083 ] } },
{ "type": "Feature", "id": "2_00000000000000000149", "properties": { "id": "371", "LULC_Class_id": 5, "LULC_Class_name": "Woody vegetation" }, "geometry": { "type": "Point", "coordinates": [ -58.76912365298476, -35.073407145760726 ] } },
{ "type": "Feature", "id": "2_0000000000000000014a", "properties": { "id": "372", "LULC_Class_id": 5, "LULC_Class_name": "Woody vegetation" }, "geometry": { "type": "Point", "coordinates": [ -58.762814024994135, -35.069193295265222 ] } },
{ "type": "Feature", "id": "2_0000000000000000014b", "properties": { "id": "373", "LULC_Class_id": 5, "LULC_Class_name": "Woody vegetation" }, "geometry": { "type": "Point", "coordinates": [ -58.85258910650316, -35.073184190708055 ] } },
{ "type": "Feature", "id": "2_0000000000000000014c", "properties": { "id": "374", "LULC_Class_id": 5, "LULC_Class_name": "Woody vegetation" }, "geometry": { "type": "Point", "coordinates": [ -58.845066603026005, -35.068814271675677 ] } },
{ "type": "Feature", "id": "2_0000000000000000014d", "properties": { "id": "375", "LULC_Class_id": 5, "LULC_Class_name": "Woody vegetation" }, "geometry": { "type": "Point", "coordinates": [ -58.908751484271313, -35.068082979102904 ] } },
{ "type": "Feature", "id": "2_0000000000000000014e", "properties": { "id": "376", "LULC_Class_id": 5, "LULC_Class_name": "Woody vegetation" }, "geometry": { "type": "Point", "coordinates": [ -58.898861198134767, -35.053729132811867 ] } },
{ "type": "Feature", "id": "2_0000000000000000014f", "properties": { "id": "377", "LULC_Class_id": 5, "LULC_Class_name": "Woody vegetation" }, "geometry": { "type": "Point", "coordinates": [ -58.872262660350962, -34.979016894661392 ] } },
{ "type": "Feature", "id": "2_00000000000000000150", "properties": { "id": "378", "LULC_Class_id": 5, "LULC_Class_name": "Woody vegetation" }, "geometry": { "type": "Point", "coordinates": [ -58.911266417265459, -34.975454072919675 ] } },
{ "type": "Feature", "id": "2_00000000000000000151", "properties": { "id": "379", "LULC_Class_id": 5, "LULC_Class_name": "Woody vegetation" }, "geometry": { "type": "Point", "coordinates": [ -58.777564731278943, -34.873385249806304 ] } },
{ "type": "Feature", "id": "2_00000000000000000152", "properties": { "id": "380", "LULC_Class_id": 5, "LULC_Class_name": "Woody vegetation" }, "geometry": { "type": "Point", "coordinates": [ -58.751465612813121, -34.846679693597217 ] } },
{ "type": "Feature", "id": "2_00000000000000000153", "properties": { "id": "381", "LULC_Class_id": 5, "LULC_Class_name": "Woody vegetation" }, "geometry": { "type": "Point", "coordinates": [ -58.667402639753561, -34.85294027147625 ] } },
{ "type": "Feature", "id": "2_00000000000000000154", "properties": { "id": "382", "LULC_Class_id": 5, "LULC_Class_name": "Woody vegetation" }, "geometry": { "type": "Point", "coordinates": [ -58.675870472654047, -34.83933555416219 ] } },
{ "type": "Feature", "id": "2_00000000000000000155", "properties": { "id": "383", "LULC_Class_id": 5, "LULC_Class_name": "Woody vegetation" }, "geometry": { "type": "Point", "coordinates": [ -59.147099353780099, -34.751678545653547 ] } },
{ "type": "Feature", "id": "2_00000000000000000156", "properties": { "id": "384", "LULC_Class_id": 5, "LULC_Class_name": "Woody vegetation" }, "geometry": { "type": "Point", "coordinates": [ -59.138600307172233, -34.753475563378089 ] } },
{ "type": "Feature", "id": "2_00000000000000000157", "properties": { "id": "385", "LULC_Class_id": 5, "LULC_Class_name": "Woody vegetation" }, "geometry": { "type": "Point", "coordinates": [ -59.115029499003725, -34.773162494529053 ] } },
{ "type": "Feature", "id": "2_00000000000000000158", "properties": { "id": "386", "LULC_Class_id": 5, "LULC_Class_name": "Woody vegetation" }, "geometry": { "type": "Point", "coordinates": [ -59.129080126423126, -34.782682675278167 ] } },
{ "type": "Feature", "id": "2_00000000000000000159", "properties": { "id": "387", "LULC_Class_id": 5, "LULC_Class_name": "Woody vegetation" }, "geometry": { "type": "Point", "coordinates": [ -59.078781466540249, -34.797607286504046 ] } },
{ "type": "Feature", "id": "2_0000000000000000015a", "properties": { "id": "388", "LULC_Class_id": 5, "LULC_Class_name": "Woody vegetation" }, "geometry": { "type": "Point", "coordinates": [ -59.118913376021268, -34.679253826343484 ] } },
{ "type": "Feature", "id": "2_0000000000000000015b", "properties": { "id": "389", "LULC_Class_id": 5, "LULC_Class_name": "Woody vegetation" }, "geometry": { "type": "Point", "coordinates": [ -59.025820723328479, -34.839331095061127 ] } },
{ "type": "Feature", "id": "2_0000000000000000015c", "properties": { "id": "390", "LULC_Class_id": 5, "LULC_Class_name": "Woody vegetation" }, "geometry": { "type": "Point", "coordinates": [ -59.038890348516126, -34.851005021619066 ] } },
{ "type": "Feature", "id": "2_0000000000000000015d", "properties": { "id": "391", "LULC_Class_id": 5, "LULC_Class_name": "Woody vegetation" }, "geometry": { "type": "Point", "coordinates": [ -58.948303710615384, -34.866598498002958 ] } },
{ "type": "Feature", "id": "2_0000000000000000015e", "properties": { "id": "392", "LULC_Class_id": 5, "LULC_Class_name": "Woody vegetation" }, "geometry": { "type": "Point", "coordinates": [ -58.921834486762123, -34.879810814424317 ] } },
{ "type": "Feature", "id": "2_0000000000000000015f", "properties": { "id": "393", "LULC_Class_id": 5, "LULC_Class_name": "Woody vegetation" }, "geometry": { "type": "Point", "coordinates": [ -58.91754929064976, -34.902302520137901 ] } },
{ "type": "Feature", "id": "2_00000000000000000160", "properties": { "id": "394", "LULC_Class_id": 5, "LULC_Class_name": "Woody vegetation" }, "geometry": { "type": "Point", "coordinates": [ -58.914668711369245, -34.91259858447031 ] } },
{ "type": "Feature", "id": "2_00000000000000000161", "properties": { "id": "395", "LULC_Class_id": 5, "LULC_Class_name": "Woody vegetation" }, "geometry": { "type": "Point", "coordinates": [ -58.905157448822244, -34.917351986193282 ] } },
{ "type": "Feature", "id": "2_00000000000000000162", "properties": { "id": "396", "LULC_Class_id": 5, "LULC_Class_name": "Woody vegetation" }, "geometry": { "type": "Point", "coordinates": [ -59.221891855749547, -34.773733259463896 ] } },
{ "type": "Feature", "id": "2_00000000000000000163", "properties": { "id": "397", "LULC_Class_id": 5, "LULC_Class_name": "Woody vegetation" }, "geometry": { "type": "Point", "coordinates": [ -59.251714323595003, -34.779730750380772 ] } },
{ "type": "Feature", "id": "2_00000000000000000164", "properties": { "id": "398", "LULC_Class_id": 5, "LULC_Class_name": "Woody vegetation" }, "geometry": { "type": "Point", "coordinates": [ -59.272721148657773, -34.763370308615684 ] } },
{ "type": "Feature", "id": "2_00000000000000000165", "properties": { "id": "399", "LULC_Class_id": 5, "LULC_Class_name": "Woody vegetation" }, "geometry": { "type": "Point", "coordinates": [ -59.098941062402886, -34.90589655558697 ] } },
{ "type": "Feature", "id": "2_00000000000000000166", "properties": { "id": "400", "LULC_Class_id": 5, "LULC_Class_name": "Woody vegetation" }, "geometry": { "type": "Point", "coordinates": [ -58.859438285721254, -34.962420120540457 ] } },
{ "type": "Feature", "id": "2_00000000000000000167", "properties": { "id": "401", "LULC_Class_id": 5, "LULC_Class_name": "Woody vegetation" }, "geometry": { "type": "Point", "coordinates": [ -58.876182210176935, -35.044926867332372 ] } },
{ "type": "Feature", "id": "2_00000000000000000168", "properties": { "id": "402", "LULC_Class_id": 5, "LULC_Class_name": "Woody vegetation" }, "geometry": { "type": "Point", "coordinates": [ -58.675081211767591, -35.095377136651059 ] } },
{ "type": "Feature", "id": "2_00000000000000000169", "properties": { "id": "403", "LULC_Class_id": 5, "LULC_Class_name": "Woody vegetation" }, "geometry": { "type": "Point", "coordinates": [ -58.644714733593617, -35.064136674670607 ] } },
{ "type": "Feature", "id": "2_0000000000000000016a", "properties": { "id": "404", "LULC_Class_id": 5, "LULC_Class_name": "Woody vegetation" }, "geometry": { "type": "Point", "coordinates": [ -59.202459093358641, -34.700024319050442 ] } },
{ "type": "Feature", "id": "2_0000000000000000016b", "properties": { "id": "405", "LULC_Class_id": 5, "LULC_Class_name": "Woody vegetation" }, "geometry": { "type": "Point", "coordinates": [ -59.284970299251597, -34.760596747760445 ] } },
{ "type": "Feature", "id": "2_0000000000000000016c", "properties": { "id": "406", "LULC_Class_id": 5, "LULC_Class_name": "Woody vegetation" }, "geometry": { "type": "Point", "coordinates": [ -59.271160463289071, -34.732299292475275 ] } },
{ "type": "Feature", "id": "2_0000000000000000016d", "properties": { "id": "407", "LULC_Class_id": 5, "LULC_Class_name": "Woody vegetation" }, "geometry": { "type": "Point", "coordinates": [ -59.186299311140949, -34.672302087801164 ] } },
{ "type": "Feature", "id": "2_0000000000000000016e", "properties": { "id": "408", "LULC_Class_id": 5, "LULC_Class_name": "Woody vegetation" }, "geometry": { "type": "Point", "coordinates": [ -59.158826789550666, -34.66835132426781 ] } },
{ "type": "Feature", "id": "2_0000000000000000016f", "properties": { "id": "409", "LULC_Class_id": 5, "LULC_Class_name": "Woody vegetation" }, "geometry": { "type": "Point", "coordinates": [ -59.144834130444956, -34.669341244701677 ] } },
{ "type": "Feature", "id": "2_00000000000000000170", "properties": { "id": "410", "LULC_Class_id": 5, "LULC_Class_name": "Woody vegetation" }, "geometry": { "type": "Point", "coordinates": [ -59.123301131457872, -34.652922834622885 ] } },
{ "type": "Feature", "id": "2_00000000000000000171", "properties": { "id": "411", "LULC_Class_id": 5, "LULC_Class_name": "Woody vegetation" }, "geometry": { "type": "Point", "coordinates": [ -59.08981328254648, -34.66305391221632 ] } },
{ "type": "Feature", "id": "2_00000000000000000172", "properties": { "id": "412", "LULC_Class_id": 5, "LULC_Class_name": "Woody vegetation" }, "geometry": { "type": "Point", "coordinates": [ -58.997625827367543, -34.830992576091184 ] } },
{ "type": "Feature", "id": "2_00000000000000000173", "properties": { "id": "413", "LULC_Class_id": 5, "LULC_Class_name": "Woody vegetation" }, "geometry": { "type": "Point", "coordinates": [ -59.056610816102527, -34.812286647171987 ] } },
{ "type": "Feature", "id": "2_00000000000000000174", "properties": { "id": "414", "LULC_Class_id": 5, "LULC_Class_name": "Woody vegetation" }, "geometry": { "type": "Point", "coordinates": [ -59.084676398132906, -34.811956673694034 ] } },
{ "type": "Feature", "id": "2_00000000000000000175", "properties": { "id": "415", "LULC_Class_id": 5, "LULC_Class_name": "Woody vegetation" }, "geometry": { "type": "Point", "coordinates": [ -59.099418186215615, -34.825262631237514 ] } },
{ "type": "Feature", "id": "2_00000000000000000176", "properties": { "id": "416", "LULC_Class_id": 5, "LULC_Class_name": "Woody vegetation" }, "geometry": { "type": "Point", "coordinates": [ -59.193050390135866, -34.835759355117325 ] } },
{ "type": "Feature", "id": "2_00000000000000000177", "properties": { "id": "417", "LULC_Class_id": 5, "LULC_Class_name": "Woody vegetation" }, "geometry": { "type": "Point", "coordinates": [ -59.162978212631423, -34.826181206054521 ] } },
{ "type": "Feature", "id": "2_00000000000000000178", "properties": { "id": "418", "LULC_Class_id": 5, "LULC_Class_name": "Woody vegetation" }, "geometry": { "type": "Point", "coordinates": [ -59.178839235078534, -34.777006239637117 ] } },
{ "type": "Feature", "id": "2_00000000000000000179", "properties": { "id": "419", "LULC_Class_id": 5, "LULC_Class_name": "Woody vegetation" }, "geometry": { "type": "Point", "coordinates": [ -59.172248683721527, -34.764244292422163 ] } },
{ "type": "Feature", "id": "2_0000000000000000017a", "properties": { "id": "420", "LULC_Class_id": 5, "LULC_Class_name": "Woody vegetation" }, "geometry": { "type": "Point", "coordinates": [ -59.222172779115922, -34.747411185945396 ] } },
{ "type": "Feature", "id": "2_0000000000000000017b", "properties": { "id": "421", "LULC_Class_id": 5, "LULC_Class_name": "Woody vegetation" }, "geometry": { "type": "Point", "coordinates": [ -59.034190456005803, -34.729494517912656 ] } },
{ "type": "Feature", "id": "2_0000000000000000017c", "properties": { "id": "422", "LULC_Class_id": 5, "LULC_Class_name": "Woody vegetation" }, "geometry": { "type": "Point", "coordinates": [ -58.975557736254046, -34.733837682338716 ] } },
{ "type": "Feature", "id": "2_0000000000000000017d", "properties": { "id": "423", "LULC_Class_id": 5, "LULC_Class_name": "Woody vegetation" }, "geometry": { "type": "Point", "coordinates": [ -58.913710004642745, -34.762184187735471 ] } },
{ "type": "Feature", "id": "2_0000000000000000017e", "properties": { "id": "424", "LULC_Class_id": 5, "LULC_Class_name": "Woody vegetation" }, "geometry": { "type": "Point", "coordinates": [ -58.948250201402736, -34.787556472729577 ] } },
{ "type": "Feature", "id": "2_0000000000000000017f", "properties": { "id": "425", "LULC_Class_id": 5, "LULC_Class_name": "Woody vegetation" }, "geometry": { "type": "Point", "coordinates": [ -58.665351453268968, -34.532701011120935 ] } },
{ "type": "Feature", "id": "2_00000000000000000180", "properties": { "id": "426", "LULC_Class_id": 5, "LULC_Class_name": "Woody vegetation" }, "geometry": { "type": "Point", "coordinates": [ -58.646899693109816, -34.512407642226691 ] } },
{ "type": "Feature", "id": "2_00000000000000000181", "properties": { "id": "427", "LULC_Class_id": 5, "LULC_Class_name": "Woody vegetation" }, "geometry": { "type": "Point", "coordinates": [ -58.632028591096564, -34.538350692155639 ] } },
{ "type": "Feature", "id": "2_00000000000000000182", "properties": { "id": "428", "LULC_Class_id": 5, "LULC_Class_name": "Woody vegetation" }, "geometry": { "type": "Point", "coordinates": [ -58.642841911151173, -34.982874017072618 ] } },
{ "type": "Feature", "id": "2_00000000000000000183", "properties": { "id": "429", "LULC_Class_id": 5, "LULC_Class_name": "Woody vegetation" }, "geometry": { "type": "Point", "coordinates": [ -58.684726247346191, -34.989130135850594 ] } },
{ "type": "Feature", "id": "2_00000000000000000184", "properties": { "id": "430", "LULC_Class_id": 5, "LULC_Class_name": "Woody vegetation" }, "geometry": { "type": "Point", "coordinates": [ -58.945498936052758, -34.950826457801497 ] } },
{ "type": "Feature", "id": "2_00000000000000000185", "properties": { "id": "431", "LULC_Class_id": 5, "LULC_Class_name": "Woody vegetation" }, "geometry": { "type": "Point", "coordinates": [ -59.034346524542677, -34.891636350418054 ] } },
{ "type": "Feature", "id": "2_00000000000000000186", "properties": { "id": "432", "LULC_Class_id": 5, "LULC_Class_name": "Woody vegetation" }, "geometry": { "type": "Point", "coordinates": [ -59.02031819262853, -34.871414327140677 ] } },
{ "type": "Feature", "id": "2_00000000000000000187", "properties": { "id": "433", "LULC_Class_id": 5, "LULC_Class_name": "Woody vegetation" }, "geometry": { "type": "Point", "coordinates": [ -59.069279122195375, -34.852735152827798 ] } },
{ "type": "Feature", "id": "2_00000000000000000188", "properties": { "id": "434", "LULC_Class_id": 5, "LULC_Class_name": "Woody vegetation" }, "geometry": { "type": "Point", "coordinates": [ -59.08024405168581, -34.782794152804499 ] } },
{ "type": "Feature", "id": "2_00000000000000000189", "properties": { "id": "435", "LULC_Class_id": 5, "LULC_Class_name": "Woody vegetation" }, "geometry": { "type": "Point", "coordinates": [ -59.069087380850071, -34.770032205589537 ] } },
{ "type": "Feature", "id": "2_0000000000000000018a", "properties": { "id": "436", "LULC_Class_id": 5, "LULC_Class_name": "Woody vegetation" }, "geometry": { "type": "Point", "coordinates": [ -58.883227589841383, -34.774397665520858 ] } },
{ "type": "Feature", "id": "2_0000000000000000018b", "properties": { "id": "437", "LULC_Class_id": 5, "LULC_Class_name": "Woody vegetation" }, "geometry": { "type": "Point", "coordinates": [ -58.865016621139127, -34.664369347027083 ] } },
{ "type": "Feature", "id": "2_0000000000000000018c", "properties": { "id": "438", "LULC_Class_id": 5, "LULC_Class_name": "Woody vegetation" }, "geometry": { "type": "Point", "coordinates": [ -58.874799888850376, -34.656744284225688 ] } },
{ "type": "Feature", "id": "2_0000000000000000018d", "properties": { "id": "439", "LULC_Class_id": 5, "LULC_Class_name": "Woody vegetation" }, "geometry": { "type": "Point", "coordinates": [ -59.03629069260198, -34.688007041711401 ] } },
{ "type": "Feature", "id": "2_0000000000000000018e", "properties": { "id": "440", "LULC_Class_id": 5, "LULC_Class_name": "Woody vegetation" }, "geometry": { "type": "Point", "coordinates": [ -59.257934769564557, -34.737552113516237 ] } },
{ "type": "Feature", "id": "2_0000000000000000018f", "properties": { "id": "441", "LULC_Class_id": 5, "LULC_Class_name": "Woody vegetation" }, "geometry": { "type": "Point", "coordinates": [ -59.043938050908636, -34.914293042870625 ] } },
{ "type": "Feature", "id": "2_00000000000000000190", "properties": { "id": "442", "LULC_Class_id": 5, "LULC_Class_name": "Woody vegetation" }, "geometry": { "type": "Point", "coordinates": [ -58.933780418484304, -34.832562179662006 ] } },
{ "type": "Feature", "id": "2_00000000000000000191", "properties": { "id": "443", "LULC_Class_id": 5, "LULC_Class_name": "Woody vegetation" }, "geometry": { "type": "Point", "coordinates": [ -58.867125775937403, -34.86542129532485 ] } },
{ "type": "Feature", "id": "2_00000000000000000192", "properties": { "id": "444", "LULC_Class_id": 5, "LULC_Class_name": "Woody vegetation" }, "geometry": { "type": "Point", "coordinates": [ -58.899405208463286, -34.863107021878115 ] } },
{ "type": "Feature", "id": "2_00000000000000000193", "properties": { "id": "445", "LULC_Class_id": 5, "LULC_Class_name": "Woody vegetation" }, "geometry": { "type": "Point", "coordinates": [ -58.667175225599827, -35.028740330508356 ] } },
{ "type": "Feature", "id": "2_00000000000000000194", "properties": { "id": "446", "LULC_Class_id": 5, "LULC_Class_name": "Woody vegetation" }, "geometry": { "type": "Point", "coordinates": [ -58.559898172456037, -34.906186397155459 ] } },
{ "type": "Feature", "id": "2_00000000000000000195", "properties": { "id": "447", "LULC_Class_id": 5, "LULC_Class_name": "Woody vegetation" }, "geometry": { "type": "Point", "coordinates": [ -58.549495089698347, -34.928673643767979 ] } },
{ "type": "Feature", "id": "2_00000000000000000196", "properties": { "id": "448", "LULC_Class_id": 5, "LULC_Class_name": "Woody vegetation" }, "geometry": { "type": "Point", "coordinates": [ -58.854461928945611, -34.74247050197819 ] } },
{ "type": "Feature", "id": "2_00000000000000000197", "properties": { "id": "449", "LULC_Class_id": 5, "LULC_Class_name": "Woody vegetation" }, "geometry": { "type": "Point", "coordinates": [ -58.949133103411327, -34.624991025624098 ] } },
{ "type": "Feature", "id": "2_00000000000000000198", "properties": { "id": "450", "LULC_Class_id": 6, "LULC_Class_name": "Rangelands" }, "geometry": { "type": "Point", "coordinates": [ -59.154880485118369, -34.813361290525862 ] } },
{ "type": "Feature", "id": "2_00000000000000000199", "properties": { "id": "451", "LULC_Class_id": 6, "LULC_Class_name": "Rangelands" }, "geometry": { "type": "Point", "coordinates": [ -59.25371200086694, -34.777559168167741 ] } },
{ "type": "Feature", "id": "2_0000000000000000019a", "properties": { "id": "452", "LULC_Class_id": 6, "LULC_Class_name": "Rangelands" }, "geometry": { "type": "Point", "coordinates": [ -59.279570327875867, -34.782339324497045 ] } },
{ "type": "Feature", "id": "2_0000000000000000019b", "properties": { "id": "453", "LULC_Class_id": 6, "LULC_Class_name": "Rangelands" }, "geometry": { "type": "Point", "coordinates": [ -59.278098824528243, -34.783975814583663 ] } },
{ "type": "Feature", "id": "2_0000000000000000019c", "properties": { "id": "454", "LULC_Class_id": 6, "LULC_Class_name": "Rangelands" }, "geometry": { "type": "Point", "coordinates": [ -59.263464054870823, -34.80050124308773 ] } },
{ "type": "Feature", "id": "2_0000000000000000019d", "properties": { "id": "455", "LULC_Class_id": 6, "LULC_Class_name": "Rangelands" }, "geometry": { "type": "Point", "coordinates": [ -59.259045085726861, -34.800322879045595 ] } },
{ "type": "Feature", "id": "2_0000000000000000019e", "properties": { "id": "456", "LULC_Class_id": 6, "LULC_Class_name": "Rangelands" }, "geometry": { "type": "Point", "coordinates": [ -59.253899283111188, -34.812331238182523 ] } },
{ "type": "Feature", "id": "2_0000000000000000019f", "properties": { "id": "457", "LULC_Class_id": 6, "LULC_Class_name": "Rangelands" }, "geometry": { "type": "Point", "coordinates": [ -59.25003324249785, -34.809615645640974 ] } },
{ "type": "Feature", "id": "2_000000000000000001a0", "properties": { "id": "458", "LULC_Class_id": 6, "LULC_Class_name": "Rangelands" }, "geometry": { "type": "Point", "coordinates": [ -59.239558814123313, -34.813838414338591 ] } },
{ "type": "Feature", "id": "2_000000000000000001a1", "properties": { "id": "459", "LULC_Class_id": 6, "LULC_Class_name": "Rangelands" }, "geometry": { "type": "Point", "coordinates": [ -59.235786414632088, -34.806516570408832 ] } },
{ "type": "Feature", "id": "2_000000000000000001a2", "properties": { "id": "460", "LULC_Class_id": 6, "LULC_Class_name": "Rangelands" }, "geometry": { "type": "Point", "coordinates": [ -59.232691798500994, -34.809691450358883 ] } },
{ "type": "Feature", "id": "2_000000000000000001a3", "properties": { "id": "461", "LULC_Class_id": 6, "LULC_Class_name": "Rangelands" }, "geometry": { "type": "Point", "coordinates": [ -59.221365681825233, -34.843330908706079 ] } },
{ "type": "Feature", "id": "2_000000000000000001a4", "properties": { "id": "462", "LULC_Class_id": 6, "LULC_Class_name": "Rangelands" }, "geometry": { "type": "Point", "coordinates": [ -59.222801512364462, -34.840178324261288 ] } },
{ "type": "Feature", "id": "2_000000000000000001a5", "properties": { "id": "463", "LULC_Class_id": 6, "LULC_Class_name": "Rangelands" }, "geometry": { "type": "Point", "coordinates": [ -59.20747558204377, -34.817258544846581 ] } },
{ "type": "Feature", "id": "2_000000000000000001a6", "properties": { "id": "464", "LULC_Class_id": 6, "LULC_Class_name": "Rangelands" }, "geometry": { "type": "Point", "coordinates": [ -59.199837141939213, -34.820214928845012 ] } },
{ "type": "Feature", "id": "2_000000000000000001a7", "properties": { "id": "465", "LULC_Class_id": 6, "LULC_Class_name": "Rangelands" }, "geometry": { "type": "Point", "coordinates": [ -59.193099440247451, -34.794222828804479 ] } },
{ "type": "Feature", "id": "2_000000000000000001a8", "properties": { "id": "466", "LULC_Class_id": 6, "LULC_Class_name": "Rangelands" }, "geometry": { "type": "Point", "coordinates": [ -59.202022101455391, -34.790842830205968 ] } },
{ "type": "Feature", "id": "2_000000000000000001a9", "properties": { "id": "467", "LULC_Class_id": 6, "LULC_Class_name": "Rangelands" }, "geometry": { "type": "Point", "coordinates": [ -59.181412136386378, -34.767976560003902 ] } },
{ "type": "Feature", "id": "2_000000000000000001aa", "properties": { "id": "468", "LULC_Class_id": 6, "LULC_Class_name": "Rangelands" }, "geometry": { "type": "Point", "coordinates": [ -59.183855723763664, -34.764097142087394 ] } },
{ "type": "Feature", "id": "2_000000000000000001ab", "properties": { "id": "469", "LULC_Class_id": 6, "LULC_Class_name": "Rangelands" }, "geometry": { "type": "Point", "coordinates": [ -59.2030566128998, -34.75991896440032 ] } },
{ "type": "Feature", "id": "2_000000000000000001ac", "properties": { "id": "470", "LULC_Class_id": 6, "LULC_Class_name": "Rangelands" }, "geometry": { "type": "Point", "coordinates": [ -59.198579675442133, -34.755959282664861 ] } },
{ "type": "Feature", "id": "2_000000000000000001ad", "properties": { "id": "471", "LULC_Class_id": 6, "LULC_Class_name": "Rangelands" }, "geometry": { "type": "Point", "coordinates": [ -59.288863094471246, -34.742818311860361 ] } },
{ "type": "Feature", "id": "2_000000000000000001ae", "properties": { "id": "472", "LULC_Class_id": 6, "LULC_Class_name": "Rangelands" }, "geometry": { "type": "Point", "coordinates": [ -59.136780993942438, -34.909374654408666 ] } },
{ "type": "Feature", "id": "2_000000000000000001af", "properties": { "id": "473", "LULC_Class_id": 6, "LULC_Class_name": "Rangelands" }, "geometry": { "type": "Point", "coordinates": [ -59.110632825365023, -34.872890289589371 ] } },
{ "type": "Feature", "id": "2_000000000000000001b0", "properties": { "id": "474", "LULC_Class_id": 6, "LULC_Class_name": "Rangelands" }, "geometry": { "type": "Point", "coordinates": [ -59.103899582774318, -34.873871291821132 ] } },
{ "type": "Feature", "id": "2_000000000000000001b1", "properties": { "id": "475", "LULC_Class_id": 6, "LULC_Class_name": "Rangelands" }, "geometry": { "type": "Point", "coordinates": [ -59.005206299158402, -34.907796132635745 ] } },
{ "type": "Feature", "id": "2_000000000000000001b2", "properties": { "id": "476", "LULC_Class_id": 6, "LULC_Class_name": "Rangelands" }, "geometry": { "type": "Point", "coordinates": [ -58.954541992989149, -35.017846746634788 ] } },
{ "type": "Feature", "id": "2_000000000000000001b3", "properties": { "id": "477", "LULC_Class_id": 6, "LULC_Class_name": "Rangelands" }, "geometry": { "type": "Point", "coordinates": [ -58.950033841824109, -35.011028781124068 ] } },
{ "type": "Feature", "id": "2_000000000000000001b4", "properties": { "id": "478", "LULC_Class_id": 6, "LULC_Class_name": "Rangelands" }, "geometry": { "type": "Point", "coordinates": [ -58.962006528152621, -35.012259493014831 ] } },
{ "type": "Feature", "id": "2_000000000000000001b5", "properties": { "id": "479", "LULC_Class_id": 6, "LULC_Class_name": "Rangelands" }, "geometry": { "type": "Point", "coordinates": [ -58.880297960449276, -34.954251047410544 ] } },
{ "type": "Feature", "id": "2_000000000000000001b6", "properties": { "id": "480", "LULC_Class_id": 6, "LULC_Class_name": "Rangelands" }, "geometry": { "type": "Point", "coordinates": [ -58.84459393831434, -34.924152115299783 ] } },
{ "type": "Feature", "id": "2_000000000000000001b7", "properties": { "id": "481", "LULC_Class_id": 6, "LULC_Class_name": "Rangelands" }, "geometry": { "type": "Point", "coordinates": [ -58.847099953106373, -34.904915553355217 ] } },
{ "type": "Feature", "id": "2_000000000000000001b8", "properties": { "id": "482", "LULC_Class_id": 6, "LULC_Class_name": "Rangelands" }, "geometry": { "type": "Point", "coordinates": [ -58.851389608319785, -34.898476611434042 ] } },
{ "type": "Feature", "id": "2_000000000000000001b9", "properties": { "id": "483", "LULC_Class_id": 6, "LULC_Class_name": "Rangelands" }, "geometry": { "type": "Point", "coordinates": [ -58.85645068801545, -34.901887823739926 ] } },
{ "type": "Feature", "id": "2_000000000000000001ba", "properties": { "id": "484", "LULC_Class_id": 6, "LULC_Class_name": "Rangelands" }, "geometry": { "type": "Point", "coordinates": [ -58.86781693660069, -35.037827978455283 ] } },
{ "type": "Feature", "id": "2_000000000000000001bb", "properties": { "id": "485", "LULC_Class_id": 6, "LULC_Class_name": "Rangelands" }, "geometry": { "type": "Point", "coordinates": [ -58.867923955025965, -35.033484814029222 ] } },
{ "type": "Feature", "id": "2_000000000000000001bc", "properties": { "id": "486", "LULC_Class_id": 6, "LULC_Class_name": "Rangelands" }, "geometry": { "type": "Point", "coordinates": [ -58.86042820615512, -35.05110272229139 ] } },
{ "type": "Feature", "id": "2_000000000000000001bd", "properties": { "id": "487", "LULC_Class_id": 6, "LULC_Class_name": "Rangelands" }, "geometry": { "type": "Point", "coordinates": [ -58.859745963693946, -35.04305850399097 ] } },
{ "type": "Feature", "id": "2_000000000000000001be", "properties": { "id": "488", "LULC_Class_id": 6, "LULC_Class_name": "Rangelands" }, "geometry": { "type": "Point", "coordinates": [ -58.829941332252716, -35.089348432026796 ] } },
{ "type": "Feature", "id": "2_000000000000000001bf", "properties": { "id": "489", "LULC_Class_id": 6, "LULC_Class_name": "Rangelands" }, "geometry": { "type": "Point", "coordinates": [ -58.82114352587427, -35.086708644203163 ] } },
{ "type": "Feature", "id": "2_000000000000000001c0", "properties": { "id": "490", "LULC_Class_id": 6, "LULC_Class_name": "Rangelands" }, "geometry": { "type": "Point", "coordinates": [ -58.801813322807575, -35.113400823109082 ] } },
{ "type": "Feature", "id": "2_000000000000000001c1", "properties": { "id": "491", "LULC_Class_id": 6, "LULC_Class_name": "Rangelands" }, "geometry": { "type": "Point", "coordinates": [ -58.748281814660956, -35.103470405063057 ] } },
{ "type": "Feature", "id": "2_000000000000000001c2", "properties": { "id": "492", "LULC_Class_id": 6, "LULC_Class_name": "Rangelands" }, "geometry": { "type": "Point", "coordinates": [ -58.759179857635587, -35.094101833749768 ] } },
{ "type": "Feature", "id": "2_000000000000000001c3", "properties": { "id": "493", "LULC_Class_id": 6, "LULC_Class_name": "Rangelands" }, "geometry": { "type": "Point", "coordinates": [ -58.766367928533739, -35.093892256000252 ] } },
{ "type": "Feature", "id": "2_000000000000000001c4", "properties": { "id": "494", "LULC_Class_id": 6, "LULC_Class_name": "Rangelands" }, "geometry": { "type": "Point", "coordinates": [ -59.256574743743251, -34.793036707924259 ] } },
{ "type": "Feature", "id": "2_000000000000000001c5", "properties": { "id": "495", "LULC_Class_id": 6, "LULC_Class_name": "Rangelands" }, "geometry": { "type": "Point", "coordinates": [ -59.229757710007824, -34.730765361712891 ] } },
{ "type": "Feature", "id": "2_000000000000000001c6", "properties": { "id": "496", "LULC_Class_id": 6, "LULC_Class_name": "Rangelands" }, "geometry": { "type": "Point", "coordinates": [ -59.293108158674137, -34.76048081113305 ] } },
{ "type": "Feature", "id": "2_000000000000000001c7", "properties": { "id": "497", "LULC_Class_id": 6, "LULC_Class_name": "Rangelands" }, "geometry": { "type": "Point", "coordinates": [ -59.034930666780674, -34.753355167649644 ] } },
{ "type": "Feature", "id": "2_000000000000000001c8", "properties": { "id": "498", "LULC_Class_id": 6, "LULC_Class_name": "Rangelands" }, "geometry": { "type": "Point", "coordinates": [ -59.034266260723712, -34.754238069658228 ] } },
{ "type": "Feature", "id": "2_000000000000000001c9", "properties": { "id": "499", "LULC_Class_id": 6, "LULC_Class_name": "Rangelands" }, "geometry": { "type": "Point", "coordinates": [ -59.003436036040178, -34.830194397002622 ] } },
{ "type": "Feature", "id": "2_000000000000000001ca", "properties": { "id": "500", "LULC_Class_id": 6, "LULC_Class_name": "Rangelands" }, "geometry": { "type": "Point", "coordinates": [ -59.00809133753998, -34.830457483964778 ] } },
{ "type": "Feature", "id": "2_000000000000000001cb", "properties": { "id": "501", "LULC_Class_id": 6, "LULC_Class_name": "Rangelands" }, "geometry": { "type": "Point", "coordinates": [ -59.012688670726085, -34.794040005661287 ] } },
{ "type": "Feature", "id": "2_000000000000000001cc", "properties": { "id": "502", "LULC_Class_id": 6, "LULC_Class_name": "Rangelands" }, "geometry": { "type": "Point", "coordinates": [ -59.074933262331136, -34.789732514043656 ] } },
{ "type": "Feature", "id": "2_000000000000000001cd", "properties": { "id": "503", "LULC_Class_id": 6, "LULC_Class_name": "Rangelands" }, "geometry": { "type": "Point", "coordinates": [ -59.062786671061545, -34.795970796417436 ] } },
{ "type": "Feature", "id": "2_000000000000000001ce", "properties": { "id": "504", "LULC_Class_id": 6, "LULC_Class_name": "Rangelands" }, "geometry": { "type": "Point", "coordinates": [ -59.129004321705224, -34.822270574430661 ] } },
{ "type": "Feature", "id": "2_000000000000000001cf", "properties": { "id": "505", "LULC_Class_id": 6, "LULC_Class_name": "Rangelands" }, "geometry": { "type": "Point", "coordinates": [ -59.222360061360163, -34.822337460946457 ] } },
{ "type": "Feature", "id": "2_000000000000000001d0", "properties": { "id": "506", "LULC_Class_id": 6, "LULC_Class_name": "Rangelands" }, "geometry": { "type": "Point", "coordinates": [ -59.22581140557552, -34.825191285620669 ] } },
{ "type": "Feature", "id": "2_000000000000000001d1", "properties": { "id": "507", "LULC_Class_id": 6, "LULC_Class_name": "Rangelands" }, "geometry": { "type": "Point", "coordinates": [ -59.237886651228258, -34.791667763900847 ] } },
{ "type": "Feature", "id": "2_000000000000000001d2", "properties": { "id": "508", "LULC_Class_id": 6, "LULC_Class_name": "Rangelands" }, "geometry": { "type": "Point", "coordinates": [ -59.233610373318008, -34.785054917038593 ] } },
{ "type": "Feature", "id": "2_000000000000000001d3", "properties": { "id": "509", "LULC_Class_id": 6, "LULC_Class_name": "Rangelands" }, "geometry": { "type": "Point", "coordinates": [ -59.261198831535673, -34.748940657606738 ] } },
{ "type": "Feature", "id": "2_000000000000000001d4", "properties": { "id": "510", "LULC_Class_id": 6, "LULC_Class_name": "Rangelands" }, "geometry": { "type": "Point", "coordinates": [ -58.843991959672117, -34.993696255329326 ] } },
{ "type": "Feature", "id": "2_000000000000000001d5", "properties": { "id": "511", "LULC_Class_id": 6, "LULC_Class_name": "Rangelands" }, "geometry": { "type": "Point", "coordinates": [ -59.080814816620638, -34.829949146444683 ] } },
{ "type": "Feature", "id": "2_000000000000000001d6", "properties": { "id": "512", "LULC_Class_id": 6, "LULC_Class_name": "Rangelands" }, "geometry": { "type": "Point", "coordinates": [ -59.087383072472356, -34.83047532036899 ] } },
{ "type": "Feature", "id": "2_000000000000000001d7", "properties": { "id": "513", "LULC_Class_id": 6, "LULC_Class_name": "Rangelands" }, "geometry": { "type": "Point", "coordinates": [ -59.043144330921123, -34.719626527281385 ] } },
{ "type": "Feature", "id": "2_000000000000000001d8", "properties": { "id": "514", "LULC_Class_id": 6, "LULC_Class_name": "Rangelands" }, "geometry": { "type": "Point", "coordinates": [ -59.033307553997226, -34.720108110195163 ] } },
{ "type": "Feature", "id": "2_000000000000000001d9", "properties": { "id": "515", "LULC_Class_id": 6, "LULC_Class_name": "Rangelands" }, "geometry": { "type": "Point", "coordinates": [ -59.079062389906625, -34.737342535766714 ] } },
{ "type": "Feature", "id": "2_000000000000000001da", "properties": { "id": "516", "LULC_Class_id": 6, "LULC_Class_name": "Rangelands" }, "geometry": { "type": "Point", "coordinates": [ -59.1203759611668, -34.706811070853782 ] } },
{ "type": "Feature", "id": "2_000000000000000001db", "properties": { "id": "517", "LULC_Class_id": 6, "LULC_Class_name": "Rangelands" }, "geometry": { "type": "Point", "coordinates": [ -59.00842577011899, -34.822774452849693 ] } },
{ "type": "Feature", "id": "2_000000000000000001dc", "properties": { "id": "518", "LULC_Class_id": 6, "LULC_Class_name": "Rangelands" }, "geometry": { "type": "Point", "coordinates": [ -58.975308026595037, -34.99266620298598 ] } },
{ "type": "Feature", "id": "2_000000000000000001dd", "properties": { "id": "519", "LULC_Class_id": 6, "LULC_Class_name": "Rangelands" }, "geometry": { "type": "Point", "coordinates": [ -58.999614586437382, -34.963985265010223 ] } },
{ "type": "Feature", "id": "2_000000000000000001de", "properties": { "id": "520", "LULC_Class_id": 6, "LULC_Class_name": "Rangelands" }, "geometry": { "type": "Point", "coordinates": [ -58.942899280138612, -35.017704055401076 ] } },
{ "type": "Feature", "id": "2_000000000000000001df", "properties": { "id": "521", "LULC_Class_id": 6, "LULC_Class_name": "Rangelands" }, "geometry": { "type": "Point", "coordinates": [ -58.939180389860027, -35.031103654066683 ] } },
{ "type": "Feature", "id": "2_000000000000000001e0", "properties": { "id": "522", "LULC_Class_id": 6, "LULC_Class_name": "Rangelands" }, "geometry": { "type": "Point", "coordinates": [ -59.069435190732236, -34.945796591813213 ] } },
{ "type": "Feature", "id": "2_000000000000000001e1", "properties": { "id": "523", "LULC_Class_id": 6, "LULC_Class_name": "Rangelands" }, "geometry": { "type": "Point", "coordinates": [ -58.688124082348928, -35.111501246060314 ] } },
{ "type": "Feature", "id": "2_000000000000000001e2", "properties": { "id": "524", "LULC_Class_id": 6, "LULC_Class_name": "Rangelands" }, "geometry": { "type": "Point", "coordinates": [ -58.905273385449625, -35.048565493791983 ] } },
{ "type": "Feature", "id": "2_000000000000000001e3", "properties": { "id": "525", "LULC_Class_id": 6, "LULC_Class_name": "Rangelands" }, "geometry": { "type": "Point", "coordinates": [ -58.66984622713084, -35.013338595469754 ] } },
{ "type": "Feature", "id": "2_000000000000000001e4", "properties": { "id": "526", "LULC_Class_id": 6, "LULC_Class_name": "Rangelands" }, "geometry": { "type": "Point", "coordinates": [ -58.882268883114897, -34.741097098853722 ] } },
{ "type": "Feature", "id": "2_000000000000000001e5", "properties": { "id": "527", "LULC_Class_id": 6, "LULC_Class_name": "Rangelands" }, "geometry": { "type": "Point", "coordinates": [ -58.899984891600241, -34.70945531777847 ] } },
{ "type": "Feature", "id": "2_000000000000000001e6", "properties": { "id": "528", "LULC_Class_id": 6, "LULC_Class_name": "Rangelands" }, "geometry": { "type": "Point", "coordinates": [ -58.946377378960285, -34.748744457160385 ] } },
{ "type": "Feature", "id": "2_000000000000000001e7", "properties": { "id": "529", "LULC_Class_id": 6, "LULC_Class_name": "Rangelands" }, "geometry": { "type": "Point", "coordinates": [ -58.968490061084339, -34.705865741430458 ] } },
{ "type": "Feature", "id": "2_000000000000000001e8", "properties": { "id": "530", "LULC_Class_id": 7, "LULC_Class_name": "Bare soil" }, "geometry": { "type": "Point", "coordinates": [ -59.048352560951543, -34.682945962015737 ] } },
{ "type": "Feature", "id": "2_000000000000000001e9", "properties": { "id": "531", "LULC_Class_id": 7, "LULC_Class_name": "Bare soil" }, "geometry": { "type": "Point", "coordinates": [ -59.04406290573813, -34.6893670675327 ] } },
{ "type": "Feature", "id": "2_000000000000000001ea", "properties": { "id": "532", "LULC_Class_id": 7, "LULC_Class_name": "Bare soil" }, "geometry": { "type": "Point", "coordinates": [ -58.857057125758722, -34.897549118414929 ] } },
{ "type": "Feature", "id": "2_000000000000000001eb", "properties": { "id": "533", "LULC_Class_id": 7, "LULC_Class_name": "Bare soil" }, "geometry": { "type": "Point", "coordinates": [ -58.864329919576889, -34.890896139643189 ] } },
{ "type": "Feature", "id": "2_000000000000000001ec", "properties": { "id": "534", "LULC_Class_id": 7, "LULC_Class_name": "Bare soil" }, "geometry": { "type": "Point", "coordinates": [ -58.854876625343586, -34.899466531867915 ] } },
{ "type": "Feature", "id": "2_000000000000000001ed", "properties": { "id": "535", "LULC_Class_id": 7, "LULC_Class_name": "Bare soil" }, "geometry": { "type": "Point", "coordinates": [ -58.791272007917229, -34.969403072790151 ] } },
{ "type": "Feature", "id": "2_000000000000000001ee", "properties": { "id": "536", "LULC_Class_id": 7, "LULC_Class_name": "Bare soil" }, "geometry": { "type": "Point", "coordinates": [ -58.763442758242675, -35.077001181209809 ] } },
{ "type": "Feature", "id": "2_000000000000000001ef", "properties": { "id": "537", "LULC_Class_id": 7, "LULC_Class_name": "Bare soil" }, "geometry": { "type": "Point", "coordinates": [ -58.774050959648818, -35.071248940850857 ] } },
{ "type": "Feature", "id": "2_000000000000000001f0", "properties": { "id": "538", "LULC_Class_id": 7, "LULC_Class_name": "Bare soil" }, "geometry": { "type": "Point", "coordinates": [ -58.782001536827117, -35.077661128165715 ] } },
{ "type": "Feature", "id": "2_000000000000000001f1", "properties": { "id": "539", "LULC_Class_id": 7, "LULC_Class_name": "Bare soil" }, "geometry": { "type": "Point", "coordinates": [ -58.775709745240704, -35.059396650250797 ] } },
{ "type": "Feature", "id": "2_000000000000000001f2", "properties": { "id": "540", "LULC_Class_id": 7, "LULC_Class_name": "Bare soil" }, "geometry": { "type": "Point", "coordinates": [ -58.912180532981417, -34.951156431279458 ] } },
{ "type": "Feature", "id": "2_000000000000000001f3", "properties": { "id": "541", "LULC_Class_id": 7, "LULC_Class_name": "Bare soil" }, "geometry": { "type": "Point", "coordinates": [ -59.162782012185069, -34.768957562235656 ] } },
{ "type": "Feature", "id": "2_000000000000000001f4", "properties": { "id": "542", "LULC_Class_id": 7, "LULC_Class_name": "Bare soil" }, "geometry": { "type": "Point", "coordinates": [ -58.865328758212854, -35.07139163208457 ] } },
{ "type": "Feature", "id": "2_000000000000000001f5", "properties": { "id": "543", "LULC_Class_id": 7, "LULC_Class_name": "Bare soil" }, "geometry": { "type": "Point", "coordinates": [ -59.034266260723712, -34.793785836901236 ] } },
{ "type": "Feature", "id": "2_000000000000000001f6", "properties": { "id": "544", "LULC_Class_id": 7, "LULC_Class_name": "Bare soil" }, "geometry": { "type": "Point", "coordinates": [ -59.02745721341509, -34.795622986535257 ] } },
{ "type": "Feature", "id": "2_000000000000000001f7", "properties": { "id": "545", "LULC_Class_id": 7, "LULC_Class_name": "Bare soil" }, "geometry": { "type": "Point", "coordinates": [ -59.008608593262181, -34.800376388258236 ] } },
{ "type": "Feature", "id": "2_000000000000000001f8", "properties": { "id": "546", "LULC_Class_id": 7, "LULC_Class_name": "Bare soil" }, "geometry": { "type": "Point", "coordinates": [ -59.233400795568492, -34.731090876089802 ] } },
{ "type": "Feature", "id": "2_000000000000000001f9", "properties": { "id": "547", "LULC_Class_id": 7, "LULC_Class_name": "Bare soil" }, "geometry": { "type": "Point", "coordinates": [ -59.121562082047021, -34.737779527669964 ] } },
{ "type": "Feature", "id": "2_000000000000000001fa", "properties": { "id": "548", "LULC_Class_id": 7, "LULC_Class_name": "Bare soil" }, "geometry": { "type": "Point", "coordinates": [ -59.063602686554326, -34.784118505817368 ] } },
{ "type": "Feature", "id": "2_000000000000000001fb", "properties": { "id": "549", "LULC_Class_id": 7, "LULC_Class_name": "Bare soil" }, "geometry": { "type": "Point", "coordinates": [ -59.131260626838262, -34.819296354028005 ] } },
{ "type": "Feature", "id": "2_000000000000000001fc", "properties": { "id": "550", "LULC_Class_id": 7, "LULC_Class_name": "Bare soil" }, "geometry": { "type": "Point", "coordinates": [ -59.133655164103963, -34.821940600952701 ] } },
{ "type": "Feature", "id": "2_000000000000000001fd", "properties": { "id": "551", "LULC_Class_id": 7, "LULC_Class_name": "Bare soil" }, "geometry": { "type": "Point", "coordinates": [ -59.181314036163201, -34.826961548738879 ] } },
{ "type": "Feature", "id": "2_000000000000000001fe", "properties": { "id": "552", "LULC_Class_id": 7, "LULC_Class_name": "Bare soil" }, "geometry": { "type": "Point", "coordinates": [ -59.188604666385579, -34.825119940003802 ] } },
{ "type": "Feature", "id": "2_000000000000000001ff", "properties": { "id": "553", "LULC_Class_id": 7, "LULC_Class_name": "Bare soil" }, "geometry": { "type": "Point", "coordinates": [ -59.19209614251043, -34.828232392539107 ] } },
{ "type": "Feature", "id": "2_00000000000000000200", "properties": { "id": "554", "LULC_Class_id": 7, "LULC_Class_name": "Bare soil" }, "geometry": { "type": "Point", "coordinates": [ -59.208197956414423, -34.749234958276261 ] } },
{ "type": "Feature", "id": "2_00000000000000000201", "properties": { "id": "555", "LULC_Class_id": 7, "LULC_Class_name": "Bare soil" }, "geometry": { "type": "Point", "coordinates": [ -59.217544232222451, -34.745252981035534 ] } },
{ "type": "Feature", "id": "2_00000000000000000202", "properties": { "id": "556", "LULC_Class_id": 7, "LULC_Class_name": "Bare soil" }, "geometry": { "type": "Point", "coordinates": [ -58.925299208280641, -34.776283865266464 ] } },
{ "type": "Feature", "id": "2_00000000000000000203", "properties": { "id": "557", "LULC_Class_id": 7, "LULC_Class_name": "Bare soil" }, "geometry": { "type": "Point", "coordinates": [ -58.948905689257593, -34.789799400559467 ] } },
{ "type": "Feature", "id": "2_00000000000000000204", "properties": { "id": "558", "LULC_Class_id": 7, "LULC_Class_name": "Bare soil" }, "geometry": { "type": "Point", "coordinates": [ -58.61514197540717, -34.533878213799042 ] } },
{ "type": "Feature", "id": "2_00000000000000000205", "properties": { "id": "559", "LULC_Class_id": 7, "LULC_Class_name": "Bare soil" }, "geometry": { "type": "Point", "coordinates": [ -58.616644692462174, -34.52866106556651 ] } },
{ "type": "Feature", "id": "2_00000000000000000206", "properties": { "id": "560", "LULC_Class_id": 7, "LULC_Class_name": "Bare soil" }, "geometry": { "type": "Point", "coordinates": [ -58.629411098778199, -34.52687742514513 ] } },
{ "type": "Feature", "id": "2_00000000000000000207", "properties": { "id": "561", "LULC_Class_id": 7, "LULC_Class_name": "Bare soil" }, "geometry": { "type": "Point", "coordinates": [ -58.610419787391571, -34.522761674872804 ] } },
{ "type": "Feature", "id": "2_00000000000000000208", "properties": { "id": "562", "LULC_Class_id": 7, "LULC_Class_name": "Bare soil" }, "geometry": { "type": "Point", "coordinates": [ -58.598036863766161, -34.514338432982839 ] } },
{ "type": "Feature", "id": "2_00000000000000000209", "properties": { "id": "563", "LULC_Class_id": 7, "LULC_Class_name": "Bare soil" }, "geometry": { "type": "Point", "coordinates": [ -59.129178226646303, -34.712585606717994 ] } },
{ "type": "Feature", "id": "2_0000000000000000020a", "properties": { "id": "564", "LULC_Class_id": 7, "LULC_Class_name": "Bare soil" }, "geometry": { "type": "Point", "coordinates": [ -59.208099856191247, -34.756717329843944 ] } },
{ "type": "Feature", "id": "2_0000000000000000020b", "properties": { "id": "565", "LULC_Class_id": 7, "LULC_Class_name": "Bare soil" }, "geometry": { "type": "Point", "coordinates": [ -59.229133435860348, -34.767151626309008 ] } },
{ "type": "Feature", "id": "2_0000000000000000020c", "properties": { "id": "566", "LULC_Class_id": 7, "LULC_Class_name": "Bare soil" }, "geometry": { "type": "Point", "coordinates": [ -59.235710609914186, -34.756293715243878 ] } },
{ "type": "Feature", "id": "2_0000000000000000020d", "properties": { "id": "567", "LULC_Class_id": 7, "LULC_Class_name": "Bare soil" }, "geometry": { "type": "Point", "coordinates": [ -59.172913089778511, -34.68097058024906 ] } },
{ "type": "Feature", "id": "2_0000000000000000020e", "properties": { "id": "568", "LULC_Class_id": 7, "LULC_Class_name": "Bare soil" }, "geometry": { "type": "Point", "coordinates": [ -59.167802959971254, -34.685942477923646 ] } },
{ "type": "Feature", "id": "2_0000000000000000020f", "properties": { "id": "569", "LULC_Class_id": 7, "LULC_Class_name": "Bare soil" }, "geometry": { "type": "Point", "coordinates": [ -59.163348318018855, -34.681786595741841 ] } },
{ "type": "Feature", "id": "2_00000000000000000210", "properties": { "id": "570", "LULC_Class_id": 7, "LULC_Class_name": "Bare soil" }, "geometry": { "type": "Point", "coordinates": [ -59.0747638164911, -34.719006712234957 ] } },
{ "type": "Feature", "id": "2_00000000000000000211", "properties": { "id": "571", "LULC_Class_id": 7, "LULC_Class_name": "Bare soil" }, "geometry": { "type": "Point", "coordinates": [ -59.056271924422461, -34.721588531744899 ] } },
{ "type": "Feature", "id": "2_00000000000000000212", "properties": { "id": "572", "LULC_Class_id": 7, "LULC_Class_name": "Bare soil" }, "geometry": { "type": "Point", "coordinates": [ -59.056793639245726, -34.853448608996345 ] } },
{ "type": "Feature", "id": "2_00000000000000000213", "properties": { "id": "573", "LULC_Class_id": 7, "LULC_Class_name": "Bare soil" }, "geometry": { "type": "Point", "coordinates": [ -59.04745182253874, -34.850122119610475 ] } },
{ "type": "Feature", "id": "2_00000000000000000214", "properties": { "id": "574", "LULC_Class_id": 7, "LULC_Class_name": "Bare soil" }, "geometry": { "type": "Point", "coordinates": [ -59.038511324926596, -34.857221008487564 ] } },
{ "type": "Feature", "id": "2_00000000000000000215", "properties": { "id": "575", "LULC_Class_id": 7, "LULC_Class_name": "Bare soil" }, "geometry": { "type": "Point", "coordinates": [ -59.069591259269096, -34.865358867910103 ] } },
{ "type": "Feature", "id": "2_00000000000000000216", "properties": { "id": "576", "LULC_Class_id": 7, "LULC_Class_name": "Bare soil" }, "geometry": { "type": "Point", "coordinates": [ -59.077796005207446, -34.879092899154713 ] } },
{ "type": "Feature", "id": "2_00000000000000000217", "properties": { "id": "577", "LULC_Class_id": 7, "LULC_Class_name": "Bare soil" }, "geometry": { "type": "Point", "coordinates": [ -59.039536918168878, -34.950616880051982 ] } },
{ "type": "Feature", "id": "2_00000000000000000218", "properties": { "id": "578", "LULC_Class_id": 7, "LULC_Class_name": "Bare soil" }, "geometry": { "type": "Point", "coordinates": [ -58.862354537810219, -34.820442342998739 ] } },
{ "type": "Feature", "id": "2_00000000000000000219", "properties": { "id": "579", "LULC_Class_id": 7, "LULC_Class_name": "Bare soil" }, "geometry": { "type": "Point", "coordinates": [ -58.862978811957696, -34.811706964035039 ] } },
{ "type": "Feature", "id": "2_0000000000000000021a", "properties": { "id": "580", "LULC_Class_id": 7, "LULC_Class_name": "Bare soil" }, "geometry": { "type": "Point", "coordinates": [ -58.924648179526848, -34.848062014923777 ] } },
{ "type": "Feature", "id": "2_0000000000000000021b", "properties": { "id": "581", "LULC_Class_id": 7, "LULC_Class_name": "Bare soil" }, "geometry": { "type": "Point", "coordinates": [ -58.905371485672802, -34.865412377122745 ] } },
{ "type": "Feature", "id": "2_0000000000000000021c", "properties": { "id": "582", "LULC_Class_id": 7, "LULC_Class_name": "Bare soil" }, "geometry": { "type": "Point", "coordinates": [ -58.641780645100447, -34.945207990474152 ] } },
{ "type": "Feature", "id": "2_0000000000000000021d", "properties": { "id": "583", "LULC_Class_id": 7, "LULC_Class_name": "Bare soil" }, "geometry": { "type": "Point", "coordinates": [ -58.881720413685329, -34.743451504209943 ] } },
{ "type": "Feature", "id": "2_0000000000000000021e", "properties": { "id": "584", "LULC_Class_id": 7, "LULC_Class_name": "Bare soil" }, "geometry": { "type": "Point", "coordinates": [ -58.859933245938187, -34.760650256973086 ] } },
{ "type": "Feature", "id": "2_0000000000000000021f", "properties": { "id": "585", "LULC_Class_id": 7, "LULC_Class_name": "Bare soil" }, "geometry": { "type": "Point", "coordinates": [ -58.824483392563295, -34.691057066831959 ] } },
{ "type": "Feature", "id": "2_00000000000000000220", "properties": { "id": "586", "LULC_Class_id": 7, "LULC_Class_name": "Bare soil" }, "geometry": { "type": "Point", "coordinates": [ -59.078326638232809, -34.616928970919467 ] } },
{ "type": "Feature", "id": "2_00000000000000000221", "properties": { "id": "587", "LULC_Class_id": 7, "LULC_Class_name": "Bare soil" }, "geometry": { "type": "Point", "coordinates": [ -59.088555816049421, -34.6253745083147 ] } },
{ "type": "Feature", "id": "2_00000000000000000222", "properties": { "id": "588", "LULC_Class_id": 7, "LULC_Class_name": "Bare soil" }, "geometry": { "type": "Point", "coordinates": [ -59.109932746499631, -34.641784000191379 ] } }
]
}
